date,cluster_nl,prediction
2023-01-01,BRAND_014B_COUNTRY_0309,1.1575224
2023-02-01,BRAND_014B_COUNTRY_0309,1.1575224
2023-03-01,BRAND_014B_COUNTRY_0309,1.1575224
2023-04-01,BRAND_014B_COUNTRY_0309,1.1575224
2023-05-01,BRAND_014B_COUNTRY_0309,1.1575224
2023-06-01,BRAND_014B_COUNTRY_0309,1.1575224
2023-07-01,BRAND_014B_COUNTRY_0309,1.1575224
2023-08-01,BRAND_014B_COUNTRY_0309,1.1575224
2023-09-01,BRAND_014B_COUNTRY_0309,1.1575224
2023-10-01,BRAND_014B_COUNTRY_0309,1.1575224
2023-11-01,BRAND_014B_COUNTRY_0309,1.1575224
2023-12-01,BRAND_014B_COUNTRY_0309,1.1575224
2023-01-01,BRAND_014B_COUNTRY_06E4,1.1867037
2023-02-01,BRAND_014B_COUNTRY_06E4,0.86560917
2023-03-01,BRAND_014B_COUNTRY_06E4,1.2004852
2023-04-01,BRAND_014B_COUNTRY_06E4,1.0829782
2023-05-01,BRAND_014B_COUNTRY_06E4,1.12148
2023-06-01,BRAND_014B_COUNTRY_06E4,1.1056738
2023-07-01,BRAND_014B_COUNTRY_06E4,1.1098852
2023-08-01,BRAND_014B_COUNTRY_06E4,1.1062632
2023-09-01,BRAND_014B_COUNTRY_06E4,1.1038342
2023-10-01,BRAND_014B_COUNTRY_06E4,1.1008921
2023-11-01,BRAND_014B_COUNTRY_06E4,1.0969296
2023-12-01,BRAND_014B_COUNTRY_06E4,1.0968323
2023-01-01,BRAND_014B_COUNTRY_6C16,1.0904951
2023-02-01,BRAND_014B_COUNTRY_6C16,1.0991421
2023-03-01,BRAND_014B_COUNTRY_6C16,1.1908894
2023-04-01,BRAND_014B_COUNTRY_6C16,1.1463394
2023-05-01,BRAND_014B_COUNTRY_6C16,1.1588907
2023-06-01,BRAND_014B_COUNTRY_6C16,1.1499863
2023-07-01,BRAND_014B_COUNTRY_6C16,1.1496983
2023-08-01,BRAND_014B_COUNTRY_6C16,1.1467314
2023-09-01,BRAND_014B_COUNTRY_6C16,1.1452332
2023-10-01,BRAND_014B_COUNTRY_6C16,1.1436558
2023-11-01,BRAND_014B_COUNTRY_6C16,1.141635
2023-12-01,BRAND_014B_COUNTRY_6C16,1.1416998
2023-01-01,BRAND_056A_COUNTRY_0309,1.1374426
2023-02-01,BRAND_056A_COUNTRY_0309,1.0312338
2023-03-01,BRAND_056A_COUNTRY_0309,1.2692804
2023-04-01,BRAND_056A_COUNTRY_0309,1.1810598
2023-05-01,BRAND_056A_COUNTRY_0309,1.2269812
2023-06-01,BRAND_056A_COUNTRY_0309,1.2008877
2023-07-01,BRAND_056A_COUNTRY_0309,1.2086134
2023-08-01,BRAND_056A_COUNTRY_0309,1.2040176
2023-09-01,BRAND_056A_COUNTRY_0309,1.203558
2023-10-01,BRAND_056A_COUNTRY_0309,1.2008467
2023-11-01,BRAND_056A_COUNTRY_0309,1.200222
2023-12-01,BRAND_056A_COUNTRY_0309,1.1973877
2023-05-01,BRAND_056A_COUNTRY_06E4,1.2025785
2023-06-01,BRAND_056A_COUNTRY_06E4,0.94382
2023-07-01,BRAND_056A_COUNTRY_06E4,1.1900578
2023-08-01,BRAND_056A_COUNTRY_06E4,1.102006
2023-09-01,BRAND_056A_COUNTRY_06E4,1.1292028
2023-10-01,BRAND_056A_COUNTRY_06E4,1.1155682
2023-11-01,BRAND_056A_COUNTRY_06E4,1.1167583
2023-12-01,BRAND_056A_COUNTRY_06E4,1.112504
2023-06-01,BRAND_056A_COUNTRY_1007,1.1102581
2023-07-01,BRAND_056A_COUNTRY_1007,1.1288996
2023-08-01,BRAND_056A_COUNTRY_1007,1.2094126
2023-09-01,BRAND_056A_COUNTRY_1007,1.1804886
2023-10-01,BRAND_056A_COUNTRY_1007,1.181963
2023-11-01,BRAND_056A_COUNTRY_1007,1.1761513
2023-12-01,BRAND_056A_COUNTRY_1007,1.1744728
2023-07-01,BRAND_056A_COUNTRY_3536,1.1712418
2023-08-01,BRAND_056A_COUNTRY_3536,1.0259857
2023-09-01,BRAND_056A_COUNTRY_3536,1.1707268
2023-10-01,BRAND_056A_COUNTRY_3536,1.1159973
2023-11-01,BRAND_056A_COUNTRY_3536,1.1316757
2023-12-01,BRAND_056A_COUNTRY_3536,1.1185427
2023-01-01,BRAND_056A_COUNTRY_3AD0,1.1182661
2023-02-01,BRAND_056A_COUNTRY_3AD0,1.1518307
2023-03-01,BRAND_056A_COUNTRY_3AD0,1.1925106
2023-04-01,BRAND_056A_COUNTRY_3AD0,1.1788597
2023-05-01,BRAND_056A_COUNTRY_3AD0,1.1790609
2023-06-01,BRAND_056A_COUNTRY_3AD0,1.1753225
2023-07-01,BRAND_056A_COUNTRY_3AD0,1.1697693
2023-08-01,BRAND_056A_COUNTRY_3AD0,1.1668644
2023-09-01,BRAND_056A_COUNTRY_3AD0,1.1641159
2023-10-01,BRAND_056A_COUNTRY_3AD0,1.1613102
2023-11-01,BRAND_056A_COUNTRY_3AD0,1.1585302
2023-12-01,BRAND_056A_COUNTRY_3AD0,1.1557369
2023-05-01,BRAND_056A_COUNTRY_4242,1.1480827
2023-06-01,BRAND_056A_COUNTRY_4242,1.0394592
2023-07-01,BRAND_056A_COUNTRY_4242,1.2609539
2023-08-01,BRAND_056A_COUNTRY_4242,1.182642
2023-09-01,BRAND_056A_COUNTRY_4242,1.2059755
2023-10-01,BRAND_056A_COUNTRY_4242,1.1938009
2023-11-01,BRAND_056A_COUNTRY_4242,1.1944466
2023-12-01,BRAND_056A_COUNTRY_4242,1.1903934
2023-10-01,BRAND_056A_COUNTRY_4253,1.1880741
2023-11-01,BRAND_056A_COUNTRY_4253,1.048171
2023-12-01,BRAND_056A_COUNTRY_4253,1.1705885
2023-01-01,BRAND_056A_COUNTRY_4442,1.1258564
2023-02-01,BRAND_056A_COUNTRY_4442,1.1329346
2023-03-01,BRAND_056A_COUNTRY_4442,1.181572
2023-04-01,BRAND_056A_COUNTRY_4442,1.1634169
2023-05-01,BRAND_056A_COUNTRY_4442,1.1657667
2023-06-01,BRAND_056A_COUNTRY_4442,1.1608334
2023-07-01,BRAND_056A_COUNTRY_4442,1.1589594
2023-08-01,BRAND_056A_COUNTRY_4442,1.1558161
2023-09-01,BRAND_056A_COUNTRY_4442,1.153163
2023-10-01,BRAND_056A_COUNTRY_4442,1.1490612
2023-11-01,BRAND_056A_COUNTRY_4442,1.1462936
2023-12-01,BRAND_056A_COUNTRY_4442,1.1434984
2023-04-01,BRAND_056A_COUNTRY_445D,1.135911
2023-05-01,BRAND_056A_COUNTRY_445D,1.0426245
2023-06-01,BRAND_056A_COUNTRY_445D,1.2485657
2023-07-01,BRAND_056A_COUNTRY_445D,1.1772709
2023-08-01,BRAND_056A_COUNTRY_445D,1.1978378
2023-09-01,BRAND_056A_COUNTRY_445D,1.186717
2023-10-01,BRAND_056A_COUNTRY_445D,1.1869688
2023-11-01,BRAND_056A_COUNTRY_445D,1.1830635
2023-12-01,BRAND_056A_COUNTRY_445D,1.1806898
2023-01-01,BRAND_056A_COUNTRY_458E,1.1777458
2023-02-01,BRAND_056A_COUNTRY_458E,1.0356655
2023-03-01,BRAND_056A_COUNTRY_458E,1.1606579
2023-04-01,BRAND_056A_COUNTRY_458E,1.1107836
2023-05-01,BRAND_056A_COUNTRY_458E,1.1222115
2023-06-01,BRAND_056A_COUNTRY_458E,1.1143427
2023-07-01,BRAND_056A_COUNTRY_458E,1.113409
2023-08-01,BRAND_056A_COUNTRY_458E,1.1099367
2023-09-01,BRAND_056A_COUNTRY_458E,1.1074018
2023-10-01,BRAND_056A_COUNTRY_458E,1.1045218
2023-11-01,BRAND_056A_COUNTRY_458E,1.1017675
2023-12-01,BRAND_056A_COUNTRY_458E,1.0989676
2023-04-01,BRAND_056A_COUNTRY_5180,1.0916119
2023-05-01,BRAND_056A_COUNTRY_5180,1.0198145
2023-06-01,BRAND_056A_COUNTRY_5180,1.2429132
2023-07-01,BRAND_056A_COUNTRY_5180,1.1646137
2023-08-01,BRAND_056A_COUNTRY_5180,1.1877937
2023-09-01,BRAND_056A_COUNTRY_5180,1.1756992
2023-10-01,BRAND_056A_COUNTRY_5180,1.1763124
2023-11-01,BRAND_056A_COUNTRY_5180,1.1722727
2023-12-01,BRAND_056A_COUNTRY_5180,1.1699457
2023-01-01,BRAND_056A_COUNTRY_53A5,1.1669874
2023-02-01,BRAND_056A_COUNTRY_53A5,1.1899252
2023-03-01,BRAND_056A_COUNTRY_53A5,1.2543669
2023-04-01,BRAND_056A_COUNTRY_53A5,1.2268658
2023-05-01,BRAND_056A_COUNTRY_53A5,1.2296457
2023-06-01,BRAND_056A_COUNTRY_53A5,1.2249918
2023-07-01,BRAND_056A_COUNTRY_53A5,1.2228699
2023-08-01,BRAND_056A_COUNTRY_53A5,1.2198372
2023-09-01,BRAND_056A_COUNTRY_53A5,1.2171402
2023-10-01,BRAND_056A_COUNTRY_53A5,1.2143202
2023-11-01,BRAND_056A_COUNTRY_53A5,1.2115421
2023-12-01,BRAND_056A_COUNTRY_53A5,1.2087526
2023-05-01,BRAND_056A_COUNTRY_5A54,1.2011538
2023-06-01,BRAND_056A_COUNTRY_5A54,0.95321465
2023-07-01,BRAND_056A_COUNTRY_5A54,1.2362623
2023-08-01,BRAND_056A_COUNTRY_5A54,1.1362677
2023-09-01,BRAND_056A_COUNTRY_5A54,1.1673479
2023-10-01,BRAND_056A_COUNTRY_5A54,1.1523714
2023-11-01,BRAND_056A_COUNTRY_5A54,1.1543064
2023-12-01,BRAND_056A_COUNTRY_5A54,1.1493902
2023-05-01,BRAND_056A_COUNTRY_6B71,1.1475334
2023-06-01,BRAND_056A_COUNTRY_6B71,1.0410223
2023-07-01,BRAND_056A_COUNTRY_6B71,1.1833134
2023-08-01,BRAND_056A_COUNTRY_6B71,1.1320877
2023-09-01,BRAND_056A_COUNTRY_6B71,1.1407881
2023-10-01,BRAND_056A_COUNTRY_6B71,1.1320086
2023-11-01,BRAND_056A_COUNTRY_6B71,1.1314144
2023-12-01,BRAND_056A_COUNTRY_6B71,1.1278219
2023-01-01,BRAND_056A_COUNTRY_6C16,1.1252937
2023-02-01,BRAND_056A_COUNTRY_6C16,1.1462736
2023-03-01,BRAND_056A_COUNTRY_6C16,1.2273989
2023-04-01,BRAND_056A_COUNTRY_6C16,1.1997118
2023-05-01,BRAND_056A_COUNTRY_6C16,1.2008905
2023-06-01,BRAND_056A_COUNTRY_6C16,1.1953821
2023-07-01,BRAND_056A_COUNTRY_6C16,1.193572
2023-08-01,BRAND_056A_COUNTRY_6C16,1.1904268
2023-09-01,BRAND_056A_COUNTRY_6C16,1.1877699
2023-10-01,BRAND_056A_COUNTRY_6C16,1.1849337
2023-11-01,BRAND_056A_COUNTRY_6C16,1.1821642
2023-12-01,BRAND_056A_COUNTRY_6C16,1.1793718
2023-11-01,BRAND_056A_COUNTRY_6F78,1.1712713
2023-12-01,BRAND_056A_COUNTRY_6F78,0.9964876
2023-02-01,BRAND_056A_COUNTRY_89F9,1.2016153
2023-03-01,BRAND_056A_COUNTRY_89F9,1.1617594
2023-04-01,BRAND_056A_COUNTRY_89F9,1.2240124
2023-05-01,BRAND_056A_COUNTRY_89F9,1.2084656
2023-06-01,BRAND_056A_COUNTRY_89F9,1.2101002
2023-07-01,BRAND_056A_COUNTRY_89F9,1.2130785
2023-08-01,BRAND_056A_COUNTRY_89F9,1.199502
2023-09-01,BRAND_056A_COUNTRY_89F9,1.2003756
2023-10-01,BRAND_056A_COUNTRY_89F9,1.1964025
2023-11-01,BRAND_056A_COUNTRY_89F9,1.1939173
2023-12-01,BRAND_056A_COUNTRY_89F9,1.1886053
2023-11-01,BRAND_056A_COUNTRY_8B47,1.1857967
2023-12-01,BRAND_056A_COUNTRY_8B47,1.0195656
2023-11-01,BRAND_056A_COUNTRY_907E,1.1873817
2023-12-01,BRAND_056A_COUNTRY_907E,1.1167488
2023-11-01,BRAND_056A_COUNTRY_9488,1.1624727
2023-12-01,BRAND_056A_COUNTRY_9488,1.110076
2023-01-01,BRAND_056A_COUNTRY_9891,1.1510277
2023-02-01,BRAND_056A_COUNTRY_9891,1.180975
2023-03-01,BRAND_056A_COUNTRY_9891,1.2208967
2023-04-01,BRAND_056A_COUNTRY_9891,1.2087173
2023-05-01,BRAND_056A_COUNTRY_9891,1.2081671
2023-06-01,BRAND_056A_COUNTRY_9891,1.2047424
2023-07-01,BRAND_056A_COUNTRY_9891,1.2000704
2023-08-01,BRAND_056A_COUNTRY_9891,1.1971636
2023-09-01,BRAND_056A_COUNTRY_9891,1.1950197
2023-10-01,BRAND_056A_COUNTRY_9891,1.1922235
2023-11-01,BRAND_056A_COUNTRY_9891,1.1885319
2023-12-01,BRAND_056A_COUNTRY_9891,1.1857452
2023-03-01,BRAND_056A_COUNTRY_A67D,1.1770334
2023-04-01,BRAND_056A_COUNTRY_A67D,1.065486
2023-05-01,BRAND_056A_COUNTRY_A67D,1.265028
2023-06-01,BRAND_056A_COUNTRY_A67D,1.1961393
2023-07-01,BRAND_056A_COUNTRY_A67D,1.2157106
2023-08-01,BRAND_056A_COUNTRY_A67D,1.204998
2023-09-01,BRAND_056A_COUNTRY_A67D,1.2050924
2023-10-01,BRAND_056A_COUNTRY_A67D,1.2012453
2023-11-01,BRAND_056A_COUNTRY_A67D,1.1988487
2023-12-01,BRAND_056A_COUNTRY_A67D,1.1959162
2023-03-01,BRAND_056A_COUNTRY_C8F4,1.193181
2023-04-01,BRAND_056A_COUNTRY_C8F4,1.0748549
2023-05-01,BRAND_056A_COUNTRY_C8F4,1.246953
2023-06-01,BRAND_056A_COUNTRY_C8F4,1.1817122
2023-07-01,BRAND_056A_COUNTRY_C8F4,1.2008734
2023-08-01,BRAND_056A_COUNTRY_C8F4,1.1901455
2023-09-01,BRAND_056A_COUNTRY_C8F4,1.1902704
2023-10-01,BRAND_056A_COUNTRY_C8F4,1.186408
2023-11-01,BRAND_056A_COUNTRY_C8F4,1.1840191
2023-12-01,BRAND_056A_COUNTRY_C8F4,1.1810856
2023-01-01,BRAND_056A_COUNTRY_D8B0,1.1783495
2023-02-01,BRAND_056A_COUNTRY_D8B0,1.1814003
2023-03-01,BRAND_056A_COUNTRY_D8B0,1.2742682
2023-04-01,BRAND_056A_COUNTRY_D8B0,1.2409992
2023-05-01,BRAND_056A_COUNTRY_D8B0,1.2481203
2023-06-01,BRAND_056A_COUNTRY_D8B0,1.2418451
2023-07-01,BRAND_056A_COUNTRY_D8B0,1.2403746
2023-08-01,BRAND_056A_COUNTRY_D8B0,1.2371473
2023-09-01,BRAND_056A_COUNTRY_D8B0,1.2345505
2023-10-01,BRAND_056A_COUNTRY_D8B0,1.2316341
2023-11-01,BRAND_056A_COUNTRY_D8B0,1.2289886
2023-12-01,BRAND_056A_COUNTRY_D8B0,1.22612
2023-09-01,BRAND_056A_COUNTRY_EA71,1.2178841
2023-10-01,BRAND_056A_COUNTRY_EA71,0.9578152
2023-11-01,BRAND_056A_COUNTRY_EA71,1.2147284
2023-12-01,BRAND_056A_COUNTRY_EA71,1.1211977
2023-08-01,BRAND_056A_COUNTRY_EF33,1.1505795
2023-09-01,BRAND_056A_COUNTRY_EF33,1.0944824
2023-10-01,BRAND_056A_COUNTRY_EF33,1.1637344
2023-11-01,BRAND_056A_COUNTRY_EF33,1.1373959
2023-12-01,BRAND_056A_COUNTRY_EF33,1.1426868
2023-01-01,BRAND_106A_COUNTRY_E319,1.1369925
2023-02-01,BRAND_106A_COUNTRY_E319,0.9501066
2023-03-01,BRAND_106A_COUNTRY_E319,1.1431074
2023-04-01,BRAND_106A_COUNTRY_E319,1.0745468
2023-05-01,BRAND_106A_COUNTRY_E319,1.0954399
2023-06-01,BRAND_106A_COUNTRY_E319,1.0832605
2023-07-01,BRAND_106A_COUNTRY_E319,1.0836344
2023-08-01,BRAND_106A_COUNTRY_E319,1.0771055
2023-09-01,BRAND_106A_COUNTRY_E319,1.0757065
2023-10-01,BRAND_106A_COUNTRY_E319,1.0720034
2023-11-01,BRAND_106A_COUNTRY_E319,1.0676641
2023-12-01,BRAND_106A_COUNTRY_E319,1.0674982
2023-01-01,BRAND_12B2_COUNTRY_AE54,1.0582705
2023-02-01,BRAND_12B2_COUNTRY_AE54,1.461649
2023-03-01,BRAND_12B2_COUNTRY_AE54,1.2721205
2023-04-01,BRAND_12B2_COUNTRY_AE54,1.3611364
2023-05-01,BRAND_12B2_COUNTRY_AE54,1.3206863
2023-06-01,BRAND_12B2_COUNTRY_AE54,1.3323889
2023-07-01,BRAND_12B2_COUNTRY_AE54,1.3241968
2023-08-01,BRAND_12B2_COUNTRY_AE54,1.32339
2023-09-01,BRAND_12B2_COUNTRY_AE54,1.3198566
2023-10-01,BRAND_12B2_COUNTRY_AE54,1.3174496
2023-11-01,BRAND_12B2_COUNTRY_AE54,1.3145008
2023-12-01,BRAND_12B2_COUNTRY_AE54,1.3117971
2023-11-01,BRAND_138D_COUNTRY_5FEB,1.2968645
2023-12-01,BRAND_138D_COUNTRY_5FEB,0.8937206
2023-01-01,BRAND_1E6F_COUNTRY_4647,1.2405777
2023-02-01,BRAND_1E6F_COUNTRY_4647,1.0864439
2023-03-01,BRAND_1E6F_COUNTRY_4647,1.1587381
2023-04-01,BRAND_1E6F_COUNTRY_4647,1.1441498
2023-05-01,BRAND_1E6F_COUNTRY_4647,1.1430197
2023-06-01,BRAND_1E6F_COUNTRY_4647,1.1400175
2023-07-01,BRAND_1E6F_COUNTRY_4647,1.13725
2023-08-01,BRAND_1E6F_COUNTRY_4647,1.1344633
2023-09-01,BRAND_1E6F_COUNTRY_4647,1.1316748
2023-10-01,BRAND_1E6F_COUNTRY_4647,1.1288862
2023-11-01,BRAND_1E6F_COUNTRY_4647,1.1306906
2023-12-01,BRAND_1E6F_COUNTRY_4647,1.1279087
2023-01-01,BRAND_1E6F_COUNTRY_AE54,1.1182337
2023-02-01,BRAND_1E6F_COUNTRY_AE54,1.3897705
2023-03-01,BRAND_1E6F_COUNTRY_AE54,1.3295431
2023-04-01,BRAND_1E6F_COUNTRY_AE54,1.3452682
2023-05-01,BRAND_1E6F_COUNTRY_AE54,1.3359442
2023-06-01,BRAND_1E6F_COUNTRY_AE54,1.3355303
2023-07-01,BRAND_1E6F_COUNTRY_AE54,1.331872
2023-08-01,BRAND_1E6F_COUNTRY_AE54,1.3294048
2023-09-01,BRAND_1E6F_COUNTRY_AE54,1.326498
2023-10-01,BRAND_1E6F_COUNTRY_AE54,1.3237543
2023-11-01,BRAND_1E6F_COUNTRY_AE54,1.3209505
2023-12-01,BRAND_1E6F_COUNTRY_AE54,1.3181696
2023-11-01,BRAND_248D_COUNTRY_907E,1.3108816
2023-12-01,BRAND_248D_COUNTRY_907E,0.73680496
2023-03-01,BRAND_248D_COUNTRY_C89B,1.3013668
2023-04-01,BRAND_248D_COUNTRY_C89B,1.0280695
2023-05-01,BRAND_248D_COUNTRY_C89B,1.188487
2023-06-01,BRAND_248D_COUNTRY_C89B,1.126339
2023-07-01,BRAND_248D_COUNTRY_C89B,1.1451464
2023-08-01,BRAND_248D_COUNTRY_C89B,1.1344261
2023-09-01,BRAND_248D_COUNTRY_C89B,1.1345634
2023-10-01,BRAND_248D_COUNTRY_C89B,1.1306953
2023-11-01,BRAND_248D_COUNTRY_C89B,1.1283073
2023-12-01,BRAND_248D_COUNTRY_C89B,1.1253719
2023-01-01,BRAND_248D_COUNTRY_EA71,1.1200924
2023-02-01,BRAND_248D_COUNTRY_EA71,1.0739689
2023-03-01,BRAND_248D_COUNTRY_EA71,1.1853504
2023-04-01,BRAND_248D_COUNTRY_EA71,1.1423025
2023-05-01,BRAND_248D_COUNTRY_EA71,1.1535158
2023-06-01,BRAND_248D_COUNTRY_EA71,1.1456757
2023-07-01,BRAND_248D_COUNTRY_EA71,1.1447535
2023-08-01,BRAND_248D_COUNTRY_EA71,1.1412086
2023-09-01,BRAND_248D_COUNTRY_EA71,1.1388664
2023-10-01,BRAND_248D_COUNTRY_EA71,1.1356926
2023-11-01,BRAND_248D_COUNTRY_EA71,1.1331921
2023-12-01,BRAND_248D_COUNTRY_EA71,1.1303701
2023-01-01,BRAND_267B_COUNTRY_0C7D,1.1220303
2023-02-01,BRAND_267B_COUNTRY_0C7D,1.0913954
2023-03-01,BRAND_267B_COUNTRY_0C7D,1.2512922
2023-04-01,BRAND_267B_COUNTRY_0C7D,1.2279587
2023-05-01,BRAND_267B_COUNTRY_0C7D,1.2257118
2023-06-01,BRAND_267B_COUNTRY_0C7D,1.2237511
2023-07-01,BRAND_267B_COUNTRY_0C7D,1.220521
2023-08-01,BRAND_267B_COUNTRY_0C7D,1.2178793
2023-09-01,BRAND_267B_COUNTRY_0C7D,1.2150574
2023-10-01,BRAND_267B_COUNTRY_0C7D,1.2122574
2023-11-01,BRAND_267B_COUNTRY_0C7D,1.2094727
2023-12-01,BRAND_267B_COUNTRY_0C7D,1.2067223
2023-01-01,BRAND_267B_COUNTRY_9488,1.1999464
2023-02-01,BRAND_267B_COUNTRY_9488,1.0644884
2023-03-01,BRAND_267B_COUNTRY_9488,1.2835875
2023-04-01,BRAND_267B_COUNTRY_9488,1.1886787
2023-05-01,BRAND_267B_COUNTRY_9488,1.2211075
2023-06-01,BRAND_267B_COUNTRY_9488,1.2051201
2023-07-01,BRAND_267B_COUNTRY_9488,1.2072487
2023-08-01,BRAND_267B_COUNTRY_9488,1.2026005
2023-09-01,BRAND_267B_COUNTRY_9488,1.2005243
2023-10-01,BRAND_267B_COUNTRY_9488,1.1974564
2023-11-01,BRAND_267B_COUNTRY_9488,1.194767
2023-12-01,BRAND_267B_COUNTRY_9488,1.1919231
2023-01-01,BRAND_29F9_COUNTRY_5FEB,1.1813688
2023-02-01,BRAND_29F9_COUNTRY_5FEB,1.0971937
2023-03-01,BRAND_29F9_COUNTRY_5FEB,1.1820488
2023-04-01,BRAND_29F9_COUNTRY_5FEB,1.1600847
2023-05-01,BRAND_29F9_COUNTRY_5FEB,1.1623087
2023-06-01,BRAND_29F9_COUNTRY_5FEB,1.158103
2023-07-01,BRAND_29F9_COUNTRY_5FEB,1.155859
2023-08-01,BRAND_29F9_COUNTRY_5FEB,1.1528139
2023-09-01,BRAND_29F9_COUNTRY_5FEB,1.1500769
2023-10-01,BRAND_29F9_COUNTRY_5FEB,1.1473055
2023-11-01,BRAND_29F9_COUNTRY_5FEB,1.1444864
2023-12-01,BRAND_29F9_COUNTRY_5FEB,1.1417246
2023-01-01,BRAND_2D13_COUNTRY_0C7D,1.1347055
2023-02-01,BRAND_2D13_COUNTRY_0C7D,0.9496126
2023-03-01,BRAND_2D13_COUNTRY_0C7D,1.2396498
2023-04-01,BRAND_2D13_COUNTRY_0C7D,1.1650066
2023-05-01,BRAND_2D13_COUNTRY_0C7D,1.1820269
2023-06-01,BRAND_2D13_COUNTRY_0C7D,1.1729021
2023-07-01,BRAND_2D13_COUNTRY_0C7D,1.1723108
2023-08-01,BRAND_2D13_COUNTRY_0C7D,1.1687365
2023-09-01,BRAND_2D13_COUNTRY_0C7D,1.166234
2023-10-01,BRAND_2D13_COUNTRY_0C7D,1.1633425
2023-11-01,BRAND_2D13_COUNTRY_0C7D,1.160594
2023-12-01,BRAND_2D13_COUNTRY_0C7D,1.1577959
2023-09-01,BRAND_3938_COUNTRY_5A54,1.1378422
2023-10-01,BRAND_3938_COUNTRY_5A54,1.0235624
2023-11-01,BRAND_3938_COUNTRY_5A54,1.2146101
2023-12-01,BRAND_3938_COUNTRY_5A54,1.1215248
2023-01-01,BRAND_3938_COUNTRY_907E,1.154746
2023-02-01,BRAND_3938_COUNTRY_907E,1.0927534
2023-03-01,BRAND_3938_COUNTRY_907E,1.1997356
2023-04-01,BRAND_3938_COUNTRY_907E,1.155035
2023-05-01,BRAND_3938_COUNTRY_907E,1.1676931
2023-06-01,BRAND_3938_COUNTRY_907E,1.1592054
2023-07-01,BRAND_3938_COUNTRY_907E,1.1585236
2023-08-01,BRAND_3938_COUNTRY_907E,1.1549578
2023-09-01,BRAND_3938_COUNTRY_907E,1.1565924
2023-10-01,BRAND_3938_COUNTRY_907E,1.1536932
2023-11-01,BRAND_3938_COUNTRY_907E,1.1509523
2023-12-01,BRAND_3938_COUNTRY_907E,1.1481514
2023-01-01,BRAND_3CEB_COUNTRY_7D31,1.1399784
2023-02-01,BRAND_3CEB_COUNTRY_7D31,1.3553104
2023-03-01,BRAND_3CEB_COUNTRY_7D31,1.2408838
2023-04-01,BRAND_3CEB_COUNTRY_7D31,1.2916594
2023-05-01,BRAND_3CEB_COUNTRY_7D31,1.2670794
2023-06-01,BRAND_3CEB_COUNTRY_7D31,1.2726526
2023-07-01,BRAND_3CEB_COUNTRY_7D31,1.2667284
2023-08-01,BRAND_3CEB_COUNTRY_7D31,1.26511
2023-09-01,BRAND_3CEB_COUNTRY_7D31,1.2618866
2023-10-01,BRAND_3CEB_COUNTRY_7D31,1.2592611
2023-11-01,BRAND_3CEB_COUNTRY_7D31,1.2561684
2023-12-01,BRAND_3CEB_COUNTRY_7D31,1.2536125
2023-12-01,BRAND_417D_COUNTRY_B6AE,1.2498302
2023-01-01,BRAND_4710_COUNTRY_5FEB,0.71124935
2023-02-01,BRAND_4710_COUNTRY_5FEB,1.296051
2023-03-01,BRAND_4710_COUNTRY_5FEB,1.1281776
2023-04-01,BRAND_4710_COUNTRY_5FEB,1.2039881
2023-05-01,BRAND_4710_COUNTRY_5FEB,1.1725912
2023-06-01,BRAND_4710_COUNTRY_5FEB,1.1819792
2023-07-01,BRAND_4710_COUNTRY_5FEB,1.1751862
2023-08-01,BRAND_4710_COUNTRY_5FEB,1.17278
2023-09-01,BRAND_4710_COUNTRY_5FEB,1.1697721
2023-10-01,BRAND_4710_COUNTRY_5FEB,1.1673727
2023-11-01,BRAND_4710_COUNTRY_5FEB,1.1639805
2023-12-01,BRAND_4710_COUNTRY_5FEB,1.1567106
2023-01-01,BRAND_4888_COUNTRY_AE54,1.1472216
2023-02-01,BRAND_4888_COUNTRY_AE54,1.3806362
2023-03-01,BRAND_4888_COUNTRY_AE54,1.3067532
2023-04-01,BRAND_4888_COUNTRY_AE54,1.3358116
2023-05-01,BRAND_4888_COUNTRY_AE54,1.3200722
2023-06-01,BRAND_4888_COUNTRY_AE54,1.3220854
2023-07-01,BRAND_4888_COUNTRY_AE54,1.3174934
2023-08-01,BRAND_4888_COUNTRY_AE54,1.3154068
2023-09-01,BRAND_4888_COUNTRY_AE54,1.3123579
2023-10-01,BRAND_4888_COUNTRY_AE54,1.3096838
2023-11-01,BRAND_4888_COUNTRY_AE54,1.3068504
2023-12-01,BRAND_4888_COUNTRY_AE54,1.3041344
2023-01-01,BRAND_4F19_COUNTRY_5FEB,1.2929049
2023-02-01,BRAND_4F19_COUNTRY_5FEB,0.89463997
2023-03-01,BRAND_4F19_COUNTRY_5FEB,1.2711706
2023-04-01,BRAND_4F19_COUNTRY_5FEB,1.1273832
2023-05-01,BRAND_4F19_COUNTRY_5FEB,1.1765738
2023-06-01,BRAND_4F19_COUNTRY_5FEB,1.1547546
2023-07-01,BRAND_4F19_COUNTRY_5FEB,1.1591644
2023-08-01,BRAND_4F19_COUNTRY_5FEB,1.1534834
2023-09-01,BRAND_4F19_COUNTRY_5FEB,1.1519575
2023-10-01,BRAND_4F19_COUNTRY_5FEB,1.1485748
2023-11-01,BRAND_4F19_COUNTRY_5FEB,1.1460619
2023-12-01,BRAND_4F19_COUNTRY_5FEB,1.1432056
2023-01-01,BRAND_599D_COUNTRY_C51E,1.1440258
2023-02-01,BRAND_599D_COUNTRY_C51E,0.99564075
2023-03-01,BRAND_599D_COUNTRY_C51E,1.2087431
2023-04-01,BRAND_599D_COUNTRY_C51E,1.1398277
2023-05-01,BRAND_599D_COUNTRY_C51E,1.1586828
2023-06-01,BRAND_599D_COUNTRY_C51E,1.1482697
2023-07-01,BRAND_599D_COUNTRY_C51E,1.1482515
2023-08-01,BRAND_599D_COUNTRY_C51E,1.1444349
2023-09-01,BRAND_599D_COUNTRY_C51E,1.1420345
2023-10-01,BRAND_599D_COUNTRY_C51E,1.1390848
2023-11-01,BRAND_599D_COUNTRY_C51E,1.1363506
2023-12-01,BRAND_599D_COUNTRY_C51E,1.1335678
2023-02-01,BRAND_5E80_COUNTRY_4D48,1.1114941
2023-03-01,BRAND_5E80_COUNTRY_4D48,1.2477341
2023-04-01,BRAND_5E80_COUNTRY_4D48,1.2395802
2023-05-01,BRAND_5E80_COUNTRY_4D48,1.2333174
2023-06-01,BRAND_5E80_COUNTRY_4D48,1.2595978
2023-07-01,BRAND_5E80_COUNTRY_4D48,1.2495213
2023-08-01,BRAND_5E80_COUNTRY_4D48,1.2651815
2023-09-01,BRAND_5E80_COUNTRY_4D48,1.2312002
2023-10-01,BRAND_5E80_COUNTRY_4D48,1.2302313
2023-11-01,BRAND_5E80_COUNTRY_4D48,1.2389059
2023-12-01,BRAND_5E80_COUNTRY_4D48,1.2311821
2023-01-01,BRAND_60F2_COUNTRY_C89B,1.2358465
2023-02-01,BRAND_60F2_COUNTRY_C89B,0.8427925
2023-03-01,BRAND_60F2_COUNTRY_C89B,1.2202921
2023-04-01,BRAND_60F2_COUNTRY_C89B,1.038125
2023-05-01,BRAND_60F2_COUNTRY_C89B,1.1128283
2023-06-01,BRAND_60F2_COUNTRY_C89B,1.0847511
2023-07-01,BRAND_60F2_COUNTRY_C89B,1.0937014
2023-08-01,BRAND_60F2_COUNTRY_C89B,1.0884943
2023-09-01,BRAND_60F2_COUNTRY_C89B,1.0896473
2023-10-01,BRAND_60F2_COUNTRY_C89B,1.0868378
2023-11-01,BRAND_60F2_COUNTRY_C89B,1.0864382
2023-12-01,BRAND_60F2_COUNTRY_C89B,1.0835829
2023-01-01,BRAND_6200_COUNTRY_9488,1.1045504
2023-02-01,BRAND_6200_COUNTRY_9488,1.0052528
2023-03-01,BRAND_6200_COUNTRY_9488,1.1983776
2023-04-01,BRAND_6200_COUNTRY_9488,1.1435986
2023-05-01,BRAND_6200_COUNTRY_9488,1.1562777
2023-06-01,BRAND_6200_COUNTRY_9488,1.1482439
2023-07-01,BRAND_6200_COUNTRY_9488,1.1470938
2023-08-01,BRAND_6200_COUNTRY_9488,1.1435394
2023-09-01,BRAND_6200_COUNTRY_9488,1.1409063
2023-10-01,BRAND_6200_COUNTRY_9488,1.1384039
2023-11-01,BRAND_6200_COUNTRY_9488,1.1351681
2023-12-01,BRAND_6200_COUNTRY_9488,1.1330996
2023-01-01,BRAND_6646_COUNTRY_5FEB,1.1169853
2023-02-01,BRAND_6646_COUNTRY_5FEB,1.058321
2023-03-01,BRAND_6646_COUNTRY_5FEB,1.1883516
2023-04-01,BRAND_6646_COUNTRY_5FEB,1.159915
2023-05-01,BRAND_6646_COUNTRY_5FEB,1.1637897
2023-06-01,BRAND_6646_COUNTRY_5FEB,1.1596565
2023-07-01,BRAND_6646_COUNTRY_5FEB,1.1575966
2023-08-01,BRAND_6646_COUNTRY_5FEB,1.154069
2023-09-01,BRAND_6646_COUNTRY_5FEB,1.1514854
2023-10-01,BRAND_6646_COUNTRY_5FEB,1.1488495
2023-11-01,BRAND_6646_COUNTRY_5FEB,1.1458035
2023-12-01,BRAND_6646_COUNTRY_5FEB,1.1430645
2023-01-01,BRAND_7065_COUNTRY_9488,1.128562
2023-02-01,BRAND_7065_COUNTRY_9488,1.0001316
2023-03-01,BRAND_7065_COUNTRY_9488,1.2494993
2023-04-01,BRAND_7065_COUNTRY_9488,1.1581802
2023-05-01,BRAND_7065_COUNTRY_9488,1.186902
2023-06-01,BRAND_7065_COUNTRY_9488,1.1723471
2023-07-01,BRAND_7065_COUNTRY_9488,1.1739941
2023-08-01,BRAND_7065_COUNTRY_9488,1.1689253
2023-09-01,BRAND_7065_COUNTRY_9488,1.1673403
2023-10-01,BRAND_7065_COUNTRY_9488,1.1637802
2023-11-01,BRAND_7065_COUNTRY_9488,1.1612396
2023-12-01,BRAND_7065_COUNTRY_9488,1.1590223
2023-11-01,BRAND_7250_COUNTRY_53A5,1.1460447
2023-12-01,BRAND_7250_COUNTRY_53A5,1.288085
2023-06-01,BRAND_7250_COUNTRY_D8B0,1.3077765
2023-07-01,BRAND_7250_COUNTRY_D8B0,1.3336525
2023-08-01,BRAND_7250_COUNTRY_D8B0,1.3218336
2023-09-01,BRAND_7250_COUNTRY_D8B0,1.309432
2023-10-01,BRAND_7250_COUNTRY_D8B0,1.3033905
2023-11-01,BRAND_7250_COUNTRY_D8B0,1.295021
2023-12-01,BRAND_7250_COUNTRY_D8B0,1.288518
2023-09-01,BRAND_72DA_COUNTRY_B6AE,1.2822771
2023-10-01,BRAND_72DA_COUNTRY_B6AE,0.66872406
2023-11-01,BRAND_72DA_COUNTRY_B6AE,1.1659479
2023-01-01,BRAND_740F_COUNTRY_0309,0.9374447
2023-02-01,BRAND_740F_COUNTRY_0309,1.251111
2023-03-01,BRAND_740F_COUNTRY_0309,1.0813084
2023-04-01,BRAND_740F_COUNTRY_0309,1.1722908
2023-05-01,BRAND_740F_COUNTRY_0309,1.1431684
2023-06-01,BRAND_740F_COUNTRY_0309,1.1624832
2023-07-01,BRAND_740F_COUNTRY_0309,1.1628962
2023-08-01,BRAND_740F_COUNTRY_0309,1.1724358
2023-09-01,BRAND_740F_COUNTRY_0309,1.1689482
2023-10-01,BRAND_740F_COUNTRY_0309,1.1961184
2023-11-01,BRAND_740F_COUNTRY_0309,1.1932449
2023-12-01,BRAND_740F_COUNTRY_0309,1.1904888
2023-01-01,BRAND_740F_COUNTRY_06E4,1.1874199
2023-02-01,BRAND_740F_COUNTRY_06E4,0.9230194
2023-03-01,BRAND_740F_COUNTRY_06E4,1.1893272
2023-04-01,BRAND_740F_COUNTRY_06E4,1.0955582
2023-05-01,BRAND_740F_COUNTRY_06E4,1.1244669
2023-06-01,BRAND_740F_COUNTRY_06E4,1.1102486
2023-07-01,BRAND_740F_COUNTRY_06E4,1.1116467
2023-08-01,BRAND_740F_COUNTRY_06E4,1.1073179
2023-09-01,BRAND_740F_COUNTRY_06E4,1.1050997
2023-10-01,BRAND_740F_COUNTRY_06E4,1.1021023
2023-11-01,BRAND_740F_COUNTRY_06E4,1.09939
2023-12-01,BRAND_740F_COUNTRY_06E4,1.0965757
2023-01-01,BRAND_740F_COUNTRY_3AD0,1.0879049
2023-02-01,BRAND_740F_COUNTRY_3AD0,1.0826731
2023-03-01,BRAND_740F_COUNTRY_3AD0,1.1968155
2023-04-01,BRAND_740F_COUNTRY_3AD0,1.1546822
2023-05-01,BRAND_740F_COUNTRY_3AD0,1.1653786
2023-06-01,BRAND_740F_COUNTRY_3AD0,1.157857
2023-07-01,BRAND_740F_COUNTRY_3AD0,1.1567593
2023-08-01,BRAND_740F_COUNTRY_3AD0,1.1533632
2023-09-01,BRAND_740F_COUNTRY_3AD0,1.150774
2023-10-01,BRAND_740F_COUNTRY_3AD0,1.1479311
2023-11-01,BRAND_740F_COUNTRY_3AD0,1.1451693
2023-12-01,BRAND_740F_COUNTRY_3AD0,1.1423607
2023-01-01,BRAND_740F_COUNTRY_4D48,1.1336164
2023-02-01,BRAND_740F_COUNTRY_4D48,0.9455652
2023-03-01,BRAND_740F_COUNTRY_4D48,1.2424021
2023-04-01,BRAND_740F_COUNTRY_4D48,1.1354342
2023-05-01,BRAND_740F_COUNTRY_4D48,1.1693544
2023-06-01,BRAND_740F_COUNTRY_4D48,1.1532669
2023-07-01,BRAND_740F_COUNTRY_4D48,1.1553574
2023-08-01,BRAND_740F_COUNTRY_4D48,1.1507711
2023-09-01,BRAND_740F_COUNTRY_4D48,1.1486473
2023-10-01,BRAND_740F_COUNTRY_4D48,1.1456165
2023-11-01,BRAND_740F_COUNTRY_4D48,1.1429186
2023-12-01,BRAND_740F_COUNTRY_4D48,1.1400957
2023-01-01,BRAND_740F_COUNTRY_5180,1.1299
2023-02-01,BRAND_740F_COUNTRY_5180,1.0732613
2023-03-01,BRAND_740F_COUNTRY_5180,1.2064848
2023-04-01,BRAND_740F_COUNTRY_5180,1.1601562
2023-05-01,BRAND_740F_COUNTRY_5180,1.1719875
2023-06-01,BRAND_740F_COUNTRY_5180,1.1640167
2023-07-01,BRAND_740F_COUNTRY_5180,1.1631126
2023-08-01,BRAND_740F_COUNTRY_5180,1.1596327
2023-09-01,BRAND_740F_COUNTRY_5180,1.1571007
2023-10-01,BRAND_740F_COUNTRY_5180,1.1542196
2023-11-01,BRAND_740F_COUNTRY_5180,1.1514654
2023-12-01,BRAND_740F_COUNTRY_5180,1.1486654
2023-01-01,BRAND_740F_COUNTRY_53A5,1.1403399
2023-02-01,BRAND_740F_COUNTRY_53A5,1.0519924
2023-03-01,BRAND_740F_COUNTRY_53A5,1.2828321
2023-04-01,BRAND_740F_COUNTRY_53A5,1.2211046
2023-05-01,BRAND_740F_COUNTRY_53A5,1.2349234
2023-06-01,BRAND_740F_COUNTRY_53A5,1.2267694
2023-07-01,BRAND_740F_COUNTRY_53A5,1.2258549
2023-08-01,BRAND_740F_COUNTRY_53A5,1.2223902
2023-09-01,BRAND_740F_COUNTRY_53A5,1.2198486
2023-10-01,BRAND_740F_COUNTRY_53A5,1.2169695
2023-11-01,BRAND_740F_COUNTRY_53A5,1.2142162
2023-12-01,BRAND_740F_COUNTRY_53A5,1.2114143
2023-01-01,BRAND_740F_COUNTRY_6C16,1.1891451
2023-02-01,BRAND_740F_COUNTRY_6C16,1.058074
2023-03-01,BRAND_740F_COUNTRY_6C16,1.2323074
2023-04-01,BRAND_740F_COUNTRY_6C16,1.1527109
2023-05-01,BRAND_740F_COUNTRY_6C16,1.1798096
2023-06-01,BRAND_740F_COUNTRY_6C16,1.1657543
2023-07-01,BRAND_740F_COUNTRY_6C16,1.1671648
2023-08-01,BRAND_740F_COUNTRY_6C16,1.1628189
2023-09-01,BRAND_740F_COUNTRY_6C16,1.1606112
2023-10-01,BRAND_740F_COUNTRY_6C16,1.157609
2023-11-01,BRAND_740F_COUNTRY_6C16,1.1548948
2023-12-01,BRAND_740F_COUNTRY_6C16,1.1520815
2023-08-01,BRAND_740F_COUNTRY_6F78,1.1562567
2023-09-01,BRAND_740F_COUNTRY_6F78,0.9484606
2023-10-01,BRAND_740F_COUNTRY_6F78,1.2135143
2023-11-01,BRAND_740F_COUNTRY_6F78,1.1195335
2023-12-01,BRAND_740F_COUNTRY_6F78,1.1485672
2023-01-01,BRAND_740F_COUNTRY_88A3,1.1342983
2023-02-01,BRAND_740F_COUNTRY_88A3,1.1388826
2023-03-01,BRAND_740F_COUNTRY_88A3,1.1685457
2023-04-01,BRAND_740F_COUNTRY_88A3,1.1560287
2023-05-01,BRAND_740F_COUNTRY_88A3,1.156354
2023-06-01,BRAND_740F_COUNTRY_88A3,1.1524878
2023-07-01,BRAND_740F_COUNTRY_88A3,1.1500893
2023-08-01,BRAND_740F_COUNTRY_88A3,1.1429338
2023-09-01,BRAND_740F_COUNTRY_88A3,1.1402025
2023-10-01,BRAND_740F_COUNTRY_88A3,1.1373949
2023-11-01,BRAND_740F_COUNTRY_88A3,1.134615
2023-12-01,BRAND_740F_COUNTRY_88A3,1.1318245
2023-01-01,BRAND_740F_COUNTRY_8B47,1.1246691
2023-02-01,BRAND_740F_COUNTRY_8B47,0.95351315
2023-03-01,BRAND_740F_COUNTRY_8B47,1.2241573
2023-04-01,BRAND_740F_COUNTRY_8B47,1.1303158
2023-05-01,BRAND_740F_COUNTRY_8B47,1.1588764
2023-06-01,BRAND_740F_COUNTRY_8B47,1.144844
2023-07-01,BRAND_740F_COUNTRY_8B47,1.1461668
2023-08-01,BRAND_740F_COUNTRY_8B47,1.1418657
2023-09-01,BRAND_740F_COUNTRY_8B47,1.139636
2023-10-01,BRAND_740F_COUNTRY_8B47,1.1366796
2023-11-01,BRAND_740F_COUNTRY_8B47,1.1339006
2023-12-01,BRAND_740F_COUNTRY_8B47,1.1311665
2023-04-01,BRAND_740F_COUNTRY_9488,1.1214523
2023-05-01,BRAND_740F_COUNTRY_9488,1.0031519
2023-06-01,BRAND_740F_COUNTRY_9488,1.1944056
2023-07-01,BRAND_740F_COUNTRY_9488,1.1263809
2023-08-01,BRAND_740F_COUNTRY_9488,1.146163
2023-09-01,BRAND_740F_COUNTRY_9488,1.1352606
2023-10-01,BRAND_740F_COUNTRY_9488,1.1354427
2023-11-01,BRAND_740F_COUNTRY_9488,1.1315622
2023-12-01,BRAND_740F_COUNTRY_9488,1.1291752
2023-01-01,BRAND_740F_COUNTRY_9891,1.1262417
2023-02-01,BRAND_740F_COUNTRY_9891,1.1580505
2023-03-01,BRAND_740F_COUNTRY_9891,1.2110872
2023-04-01,BRAND_740F_COUNTRY_9891,1.1877346
2023-05-01,BRAND_740F_COUNTRY_9891,1.1895952
2023-06-01,BRAND_740F_COUNTRY_9891,1.1852493
2023-07-01,BRAND_740F_COUNTRY_9891,1.183013
2023-08-01,BRAND_740F_COUNTRY_9891,1.180026
2023-09-01,BRAND_740F_COUNTRY_9891,1.1773129
2023-10-01,BRAND_740F_COUNTRY_9891,1.1744957
2023-11-01,BRAND_740F_COUNTRY_9891,1.1717196
2023-12-01,BRAND_740F_COUNTRY_9891,1.1689281
2023-11-01,BRAND_740F_COUNTRY_FA79,1.1613245
2023-12-01,BRAND_740F_COUNTRY_FA79,0.9283562
2023-01-01,BRAND_76D6_COUNTRY_AE54,1.1910076
2023-02-01,BRAND_76D6_COUNTRY_AE54,1.3917198
2023-03-01,BRAND_76D6_COUNTRY_AE54,1.2937593
2023-04-01,BRAND_76D6_COUNTRY_AE54,1.3569794
2023-05-01,BRAND_76D6_COUNTRY_AE54,1.3247051
2023-06-01,BRAND_76D6_COUNTRY_AE54,1.3335915
2023-07-01,BRAND_76D6_COUNTRY_AE54,1.3263493
2023-08-01,BRAND_76D6_COUNTRY_AE54,1.3252354
2023-09-01,BRAND_76D6_COUNTRY_AE54,1.3218193
2023-10-01,BRAND_76D6_COUNTRY_AE54,1.3192711
2023-11-01,BRAND_76D6_COUNTRY_AE54,1.3143473
2023-12-01,BRAND_76D6_COUNTRY_AE54,1.311615
2023-05-01,BRAND_7BEC_COUNTRY_4253,1.297862
2023-06-01,BRAND_7BEC_COUNTRY_4253,2.017189
2023-07-01,BRAND_7BEC_COUNTRY_4253,1.210329
2023-08-01,BRAND_7BEC_COUNTRY_4253,1.6248655
2023-09-01,BRAND_7BEC_COUNTRY_4253,1.2876835
2023-10-01,BRAND_7BEC_COUNTRY_4253,1.5721035
2023-11-01,BRAND_7BEC_COUNTRY_4253,1.266406
2023-12-01,BRAND_7BEC_COUNTRY_4253,1.3562937
2023-01-01,BRAND_7BEC_COUNTRY_445D,1.3390217
2023-02-01,BRAND_7BEC_COUNTRY_445D,2.021737
2023-03-01,BRAND_7BEC_COUNTRY_445D,1.2557583
2023-04-01,BRAND_7BEC_COUNTRY_445D,1.537241
2023-05-01,BRAND_7BEC_COUNTRY_445D,1.3434668
2023-06-01,BRAND_7BEC_COUNTRY_445D,1.3657207
2023-07-01,BRAND_7BEC_COUNTRY_445D,1.3184233
2023-08-01,BRAND_7BEC_COUNTRY_445D,1.3003473
2023-09-01,BRAND_7BEC_COUNTRY_445D,1.2713509
2023-10-01,BRAND_7BEC_COUNTRY_445D,1.250885
2023-11-01,BRAND_7BEC_COUNTRY_445D,1.2286081
2023-12-01,BRAND_7BEC_COUNTRY_445D,1.2068968
2023-12-01,BRAND_81A0_COUNTRY_9891,1.1869307
2023-01-01,BRAND_8779_COUNTRY_84C8,1.2697077
2023-02-01,BRAND_8779_COUNTRY_84C8,1.0680895
2023-03-01,BRAND_8779_COUNTRY_84C8,0.1797171
2023-04-01,BRAND_8779_COUNTRY_84C8,0.60467243
2023-05-01,BRAND_8779_COUNTRY_84C8,0.52347755
2023-06-01,BRAND_8779_COUNTRY_84C8,0.6370239
2023-07-01,BRAND_8779_COUNTRY_84C8,0.68212223
2023-08-01,BRAND_8779_COUNTRY_84C8,0.75701046
2023-09-01,BRAND_8779_COUNTRY_84C8,0.82485485
2023-10-01,BRAND_8779_COUNTRY_84C8,0.9027653
2023-11-01,BRAND_8779_COUNTRY_84C8,0.96620846
2023-12-01,BRAND_8779_COUNTRY_84C8,1.0902853
2023-08-01,BRAND_89E4_COUNTRY_3F0E,1.0927725
2023-09-01,BRAND_89E4_COUNTRY_3F0E,0.9509964
2023-10-01,BRAND_89E4_COUNTRY_3F0E,1.1062918
2023-11-01,BRAND_89E4_COUNTRY_3F0E,1.0596905
2023-12-01,BRAND_89E4_COUNTRY_3F0E,1.0703421
2023-01-01,BRAND_89E4_COUNTRY_7D31,1.062994
2023-02-01,BRAND_89E4_COUNTRY_7D31,1.3867455
2023-03-01,BRAND_89E4_COUNTRY_7D31,1.2465019
2023-04-01,BRAND_89E4_COUNTRY_7D31,1.2934675
2023-05-01,BRAND_89E4_COUNTRY_7D31,1.2725
2023-06-01,BRAND_89E4_COUNTRY_7D31,1.2764044
2023-07-01,BRAND_89E4_COUNTRY_7D31,1.2711449
2023-08-01,BRAND_89E4_COUNTRY_7D31,1.2669935
2023-09-01,BRAND_89E4_COUNTRY_7D31,1.2638636
2023-10-01,BRAND_89E4_COUNTRY_7D31,1.2612066
2023-11-01,BRAND_89E4_COUNTRY_7D31,1.2583694
2023-12-01,BRAND_89E4_COUNTRY_7D31,1.2555971
2023-03-01,BRAND_9259_COUNTRY_06E4,1.2497883
2023-04-01,BRAND_9259_COUNTRY_06E4,0.8258486
2023-05-01,BRAND_9259_COUNTRY_06E4,1.2254019
2023-06-01,BRAND_9259_COUNTRY_06E4,1.1161184
2023-07-01,BRAND_9259_COUNTRY_06E4,1.144867
2023-08-01,BRAND_9259_COUNTRY_06E4,1.1317492
2023-09-01,BRAND_9259_COUNTRY_06E4,1.1319628
2023-10-01,BRAND_9259_COUNTRY_06E4,1.1290255
2023-11-01,BRAND_9259_COUNTRY_06E4,1.1259203
2023-12-01,BRAND_9259_COUNTRY_06E4,1.1233063
2023-07-01,BRAND_9259_COUNTRY_0C7D,1.1205292
2023-08-01,BRAND_9259_COUNTRY_0C7D,1.0869408
2023-09-01,BRAND_9259_COUNTRY_0C7D,1.1818018
2023-10-01,BRAND_9259_COUNTRY_0C7D,1.1399412
2023-11-01,BRAND_9259_COUNTRY_0C7D,1.1503887
2023-12-01,BRAND_9259_COUNTRY_0C7D,1.1429863
2023-01-01,BRAND_9259_COUNTRY_1007,1.1412888
2023-02-01,BRAND_9259_COUNTRY_1007,1.1428547
2023-03-01,BRAND_9259_COUNTRY_1007,1.2047148
2023-04-01,BRAND_9259_COUNTRY_1007,1.18367
2023-05-01,BRAND_9259_COUNTRY_1007,1.1862984
2023-06-01,BRAND_9259_COUNTRY_1007,1.1819429
2023-07-01,BRAND_9259_COUNTRY_1007,1.1761198
2023-08-01,BRAND_9259_COUNTRY_1007,1.1732693
2023-09-01,BRAND_9259_COUNTRY_1007,1.1704626
2023-10-01,BRAND_9259_COUNTRY_1007,1.1677818
2023-11-01,BRAND_9259_COUNTRY_1007,1.1648521
2023-12-01,BRAND_9259_COUNTRY_1007,1.1622229
2023-01-01,BRAND_9259_COUNTRY_3536,1.1545992
2023-02-01,BRAND_9259_COUNTRY_3536,0.95606804
2023-03-01,BRAND_9259_COUNTRY_3536,1.1981897
2023-04-01,BRAND_9259_COUNTRY_3536,1.090436
2023-05-01,BRAND_9259_COUNTRY_3536,1.1430426
2023-06-01,BRAND_9259_COUNTRY_3536,1.1114349
2023-07-01,BRAND_9259_COUNTRY_3536,1.1188965
2023-08-01,BRAND_9259_COUNTRY_3536,1.1124344
2023-09-01,BRAND_9259_COUNTRY_3536,1.1109829
2023-10-01,BRAND_9259_COUNTRY_3536,1.1077385
2023-11-01,BRAND_9259_COUNTRY_3536,1.1051216
2023-12-01,BRAND_9259_COUNTRY_3536,1.1021328
2023-01-01,BRAND_9259_COUNTRY_4242,1.1043997
2023-02-01,BRAND_9259_COUNTRY_4242,1.1187124
2023-03-01,BRAND_9259_COUNTRY_4242,1.2303791
2023-04-01,BRAND_9259_COUNTRY_4242,1.2053442
2023-05-01,BRAND_9259_COUNTRY_4242,1.2071362
2023-06-01,BRAND_9259_COUNTRY_4242,1.2032022
2023-07-01,BRAND_9259_COUNTRY_4242,1.200758
2023-08-01,BRAND_9259_COUNTRY_4242,1.197854
2023-09-01,BRAND_9259_COUNTRY_4242,1.1951056
2023-10-01,BRAND_9259_COUNTRY_4242,1.1923008
2023-11-01,BRAND_9259_COUNTRY_4242,1.1895256
2023-12-01,BRAND_9259_COUNTRY_4242,1.1867313
2023-01-01,BRAND_9259_COUNTRY_5180,1.1669321
2023-02-01,BRAND_9259_COUNTRY_5180,1.0380287
2023-03-01,BRAND_9259_COUNTRY_5180,1.2259703
2023-04-01,BRAND_9259_COUNTRY_5180,1.1569204
2023-05-01,BRAND_9259_COUNTRY_5180,1.1775064
2023-06-01,BRAND_9259_COUNTRY_5180,1.166151
2023-07-01,BRAND_9259_COUNTRY_5180,1.1665545
2023-08-01,BRAND_9259_COUNTRY_5180,1.1627293
2023-09-01,BRAND_9259_COUNTRY_5180,1.1602039
2023-10-01,BRAND_9259_COUNTRY_5180,1.1572952
2023-11-01,BRAND_9259_COUNTRY_5180,1.1546898
2023-12-01,BRAND_9259_COUNTRY_5180,1.1517115
2023-01-01,BRAND_9259_COUNTRY_6B71,1.1430178
2023-02-01,BRAND_9259_COUNTRY_6B71,0.92501354
2023-03-01,BRAND_9259_COUNTRY_6B71,1.2156839
2023-04-01,BRAND_9259_COUNTRY_6B71,1.1129808
2023-05-01,BRAND_9259_COUNTRY_6B71,1.1448584
2023-06-01,BRAND_9259_COUNTRY_6B71,1.1300898
2023-07-01,BRAND_9259_COUNTRY_6B71,1.1314058
2023-08-01,BRAND_9259_COUNTRY_6B71,1.127224
2023-09-01,BRAND_9259_COUNTRY_6B71,1.124896
2023-10-01,BRAND_9259_COUNTRY_6B71,1.1218901
2023-11-01,BRAND_9259_COUNTRY_6B71,1.1193342
2023-12-01,BRAND_9259_COUNTRY_6B71,1.1163931
2023-01-01,BRAND_9259_COUNTRY_6C16,1.1067705
2023-02-01,BRAND_9259_COUNTRY_6C16,1.0756178
2023-03-01,BRAND_9259_COUNTRY_6C16,1.236229
2023-04-01,BRAND_9259_COUNTRY_6C16,1.181428
2023-05-01,BRAND_9259_COUNTRY_6C16,1.1959629
2023-06-01,BRAND_9259_COUNTRY_6C16,1.1870556
2023-07-01,BRAND_9259_COUNTRY_6C16,1.1864614
2023-08-01,BRAND_9259_COUNTRY_6C16,1.1828899
2023-09-01,BRAND_9259_COUNTRY_6C16,1.180479
2023-10-01,BRAND_9259_COUNTRY_6C16,1.1773949
2023-11-01,BRAND_9259_COUNTRY_6C16,1.1748667
2023-12-01,BRAND_9259_COUNTRY_6C16,1.1719217
2023-01-01,BRAND_9259_COUNTRY_88A3,1.1629009
2023-02-01,BRAND_9259_COUNTRY_88A3,1.010273
2023-03-01,BRAND_9259_COUNTRY_88A3,1.2166481
2023-04-01,BRAND_9259_COUNTRY_88A3,1.1421957
2023-05-01,BRAND_9259_COUNTRY_88A3,1.1642151
2023-06-01,BRAND_9259_COUNTRY_88A3,1.1526012
2023-07-01,BRAND_9259_COUNTRY_88A3,1.1529074
2023-08-01,BRAND_9259_COUNTRY_88A3,1.1491861
2023-09-01,BRAND_9259_COUNTRY_88A3,1.1465416
2023-10-01,BRAND_9259_COUNTRY_88A3,1.1437864
2023-11-01,BRAND_9259_COUNTRY_88A3,1.1409693
2023-12-01,BRAND_9259_COUNTRY_88A3,1.1381559
2023-01-01,BRAND_9259_COUNTRY_89F9,1.1294184
2023-02-01,BRAND_9259_COUNTRY_89F9,1.0984774
2023-03-01,BRAND_9259_COUNTRY_89F9,1.231617
2023-04-01,BRAND_9259_COUNTRY_89F9,1.186204
2023-05-01,BRAND_9259_COUNTRY_89F9,1.1975794
2023-06-01,BRAND_9259_COUNTRY_89F9,1.1896248
2023-07-01,BRAND_9259_COUNTRY_89F9,1.188941
2023-08-01,BRAND_9259_COUNTRY_89F9,1.1853285
2023-09-01,BRAND_9259_COUNTRY_89F9,1.1828232
2023-10-01,BRAND_9259_COUNTRY_89F9,1.1799498
2023-11-01,BRAND_9259_COUNTRY_89F9,1.1772022
2023-12-01,BRAND_9259_COUNTRY_89F9,1.1745148
2023-01-01,BRAND_9259_COUNTRY_907E,1.1658316
2023-02-01,BRAND_9259_COUNTRY_907E,0.9940157
2023-03-01,BRAND_9259_COUNTRY_907E,1.2100906
2023-04-01,BRAND_9259_COUNTRY_907E,1.1333942
2023-05-01,BRAND_9259_COUNTRY_907E,1.1563196
2023-06-01,BRAND_9259_COUNTRY_907E,1.1442728
2023-07-01,BRAND_9259_COUNTRY_907E,1.144906
2023-08-01,BRAND_9259_COUNTRY_907E,1.1407804
2023-09-01,BRAND_9259_COUNTRY_907E,1.138607
2023-10-01,BRAND_9259_COUNTRY_907E,1.1355896
2023-11-01,BRAND_9259_COUNTRY_907E,1.1328354
2023-12-01,BRAND_9259_COUNTRY_907E,1.1299992
2023-11-01,BRAND_9259_COUNTRY_9488,1.1213894
2023-12-01,BRAND_9259_COUNTRY_9488,0.98855305
2023-01-01,BRAND_9259_COUNTRY_A67D,1.1789751
2023-02-01,BRAND_9259_COUNTRY_A67D,1.1963768
2023-03-01,BRAND_9259_COUNTRY_A67D,1.1859131
2023-04-01,BRAND_9259_COUNTRY_A67D,1.2070456
2023-05-01,BRAND_9259_COUNTRY_A67D,1.1923666
2023-06-01,BRAND_9259_COUNTRY_A67D,1.1938391
2023-07-01,BRAND_9259_COUNTRY_A67D,1.1897659
2023-08-01,BRAND_9259_COUNTRY_A67D,1.1873035
2023-09-01,BRAND_9259_COUNTRY_A67D,1.1846113
2023-10-01,BRAND_9259_COUNTRY_A67D,1.1816645
2023-11-01,BRAND_9259_COUNTRY_A67D,1.1903877
2023-12-01,BRAND_9259_COUNTRY_A67D,1.1878767
2023-05-01,BRAND_9259_COUNTRY_E319,1.1665525
2023-06-01,BRAND_9259_COUNTRY_E319,0.8011656
2023-07-01,BRAND_9259_COUNTRY_E319,1.1590738
2023-08-01,BRAND_9259_COUNTRY_E319,1.0146456
2023-09-01,BRAND_9259_COUNTRY_E319,1.0649652
2023-10-01,BRAND_9259_COUNTRY_E319,1.0425081
2023-11-01,BRAND_9259_COUNTRY_E319,1.0468988
2023-12-01,BRAND_9259_COUNTRY_E319,1.041563
2023-07-01,BRAND_9259_COUNTRY_EA71,1.0396643
2023-08-01,BRAND_9259_COUNTRY_EA71,1.0512724
2023-09-01,BRAND_9259_COUNTRY_EA71,1.1678848
2023-10-01,BRAND_9259_COUNTRY_EA71,1.1402283
2023-11-01,BRAND_9259_COUNTRY_EA71,1.1485987
2023-12-01,BRAND_9259_COUNTRY_EA71,1.1444006
2023-01-01,BRAND_9259_COUNTRY_FA79,1.1419144
2023-02-01,BRAND_9259_COUNTRY_FA79,1.063446
2023-03-01,BRAND_9259_COUNTRY_FA79,1.1849871
2023-04-01,BRAND_9259_COUNTRY_FA79,1.1410408
2023-05-01,BRAND_9259_COUNTRY_FA79,1.152482
2023-06-01,BRAND_9259_COUNTRY_FA79,1.1449442
2023-07-01,BRAND_9259_COUNTRY_FA79,1.1286154
2023-08-01,BRAND_9259_COUNTRY_FA79,1.1254635
2023-09-01,BRAND_9259_COUNTRY_FA79,1.1227083
2023-10-01,BRAND_9259_COUNTRY_FA79,1.1198454
2023-11-01,BRAND_9259_COUNTRY_FA79,1.1171713
2023-12-01,BRAND_9259_COUNTRY_FA79,1.1142502
2023-01-01,BRAND_9C65_COUNTRY_3536,1.1062651
2023-02-01,BRAND_9C65_COUNTRY_3536,1.059762
2023-03-01,BRAND_9C65_COUNTRY_3536,1.1286755
2023-04-01,BRAND_9C65_COUNTRY_3536,1.1206589
2023-05-01,BRAND_9C65_COUNTRY_3536,1.1160831
2023-06-01,BRAND_9C65_COUNTRY_3536,1.114501
2023-07-01,BRAND_9C65_COUNTRY_3536,1.111186
2023-08-01,BRAND_9C65_COUNTRY_3536,1.1086035
2023-09-01,BRAND_9C65_COUNTRY_3536,1.1057472
2023-10-01,BRAND_9C65_COUNTRY_3536,1.1029825
2023-11-01,BRAND_9C65_COUNTRY_3536,1.1001883
2023-12-01,BRAND_9C65_COUNTRY_3536,1.0974016
2023-08-01,BRAND_9DA9_COUNTRY_3F0E,1.099433
2023-09-01,BRAND_9DA9_COUNTRY_3F0E,0.86614513
2023-10-01,BRAND_9DA9_COUNTRY_3F0E,1.1820116
2023-11-01,BRAND_9DA9_COUNTRY_3F0E,1.0765142
2023-12-01,BRAND_9DA9_COUNTRY_3F0E,1.1084404
2023-01-01,BRAND_9E22_COUNTRY_5180,1.0933189
2023-02-01,BRAND_9E22_COUNTRY_5180,1.1092701
2023-03-01,BRAND_9E22_COUNTRY_5180,1.2408743
2023-04-01,BRAND_9E22_COUNTRY_5180,1.1737576
2023-05-01,BRAND_9E22_COUNTRY_5180,1.1953621
2023-06-01,BRAND_9E22_COUNTRY_5180,1.1852579
2023-07-01,BRAND_9E22_COUNTRY_5180,1.184494
2023-08-01,BRAND_9E22_COUNTRY_5180,1.171339
2023-09-01,BRAND_9E22_COUNTRY_5180,1.1686611
2023-10-01,BRAND_9E22_COUNTRY_5180,1.1658058
2023-11-01,BRAND_9E22_COUNTRY_5180,1.1630316
2023-12-01,BRAND_9E22_COUNTRY_5180,1.1605263
2023-01-01,BRAND_A12A_COUNTRY_C51E,1.1635561
2023-02-01,BRAND_A12A_COUNTRY_C51E,1.0890102
2023-03-01,BRAND_A12A_COUNTRY_C51E,1.1727896
2023-04-01,BRAND_A12A_COUNTRY_C51E,1.1363583
2023-05-01,BRAND_A12A_COUNTRY_C51E,1.1460657
2023-06-01,BRAND_A12A_COUNTRY_C51E,1.1386166
2023-07-01,BRAND_A12A_COUNTRY_C51E,1.1375523
2023-08-01,BRAND_A12A_COUNTRY_C51E,1.1341238
2023-09-01,BRAND_A12A_COUNTRY_C51E,1.1315746
2023-10-01,BRAND_A12A_COUNTRY_C51E,1.1286983
2023-11-01,BRAND_A12A_COUNTRY_C51E,1.1259298
2023-12-01,BRAND_A12A_COUNTRY_C51E,1.1231413
2023-01-01,BRAND_A5D5_COUNTRY_5FEB,1.1096611
2023-02-01,BRAND_A5D5_COUNTRY_5FEB,1.0398407
2023-03-01,BRAND_A5D5_COUNTRY_5FEB,1.188407
2023-04-01,BRAND_A5D5_COUNTRY_5FEB,1.1454191
2023-05-01,BRAND_A5D5_COUNTRY_5FEB,1.1544838
2023-06-01,BRAND_A5D5_COUNTRY_5FEB,1.1477623
2023-07-01,BRAND_A5D5_COUNTRY_5FEB,1.1463642
2023-08-01,BRAND_A5D5_COUNTRY_5FEB,1.1430769
2023-09-01,BRAND_A5D5_COUNTRY_5FEB,1.1404715
2023-10-01,BRAND_A5D5_COUNTRY_5FEB,1.1376143
2023-11-01,BRAND_A5D5_COUNTRY_5FEB,1.1348524
2023-12-01,BRAND_A5D5_COUNTRY_5FEB,1.1320553
2023-01-01,BRAND_A5D5_COUNTRY_7D31,1.1264858
2023-02-01,BRAND_A5D5_COUNTRY_7D31,1.2372866
2023-03-01,BRAND_A5D5_COUNTRY_7D31,1.2866774
2023-04-01,BRAND_A5D5_COUNTRY_7D31,1.2745371
2023-05-01,BRAND_A5D5_COUNTRY_7D31,1.273263
2023-06-01,BRAND_A5D5_COUNTRY_7D31,1.2702045
2023-07-01,BRAND_A5D5_COUNTRY_7D31,1.2674742
2023-08-01,BRAND_A5D5_COUNTRY_7D31,1.2646818
2023-09-01,BRAND_A5D5_COUNTRY_7D31,1.261879
2023-10-01,BRAND_A5D5_COUNTRY_7D31,1.2591038
2023-11-01,BRAND_A5D5_COUNTRY_7D31,1.2563267
2023-12-01,BRAND_A5D5_COUNTRY_7D31,1.2535105
2023-01-01,BRAND_A5D5_COUNTRY_C89B,1.2469034
2023-02-01,BRAND_A5D5_COUNTRY_C89B,0.8356676
2023-03-01,BRAND_A5D5_COUNTRY_C89B,1.2535791
2023-04-01,BRAND_A5D5_COUNTRY_C89B,1.0934849
2023-05-01,BRAND_A5D5_COUNTRY_C89B,1.148325
2023-06-01,BRAND_A5D5_COUNTRY_C89B,1.1243134
2023-07-01,BRAND_A5D5_COUNTRY_C89B,1.129365
2023-08-01,BRAND_A5D5_COUNTRY_C89B,1.1236773
2023-09-01,BRAND_A5D5_COUNTRY_C89B,1.1219616
2023-10-01,BRAND_A5D5_COUNTRY_C89B,1.1187773
2023-11-01,BRAND_A5D5_COUNTRY_C89B,1.1161366
2023-12-01,BRAND_A5D5_COUNTRY_C89B,1.1132898
2023-01-01,BRAND_AA1F_COUNTRY_06E4,1.1007214
2023-02-01,BRAND_AA1F_COUNTRY_06E4,1.0115938
2023-03-01,BRAND_AA1F_COUNTRY_06E4,1.2293406
2023-04-01,BRAND_AA1F_COUNTRY_06E4,1.1884174
2023-05-01,BRAND_AA1F_COUNTRY_06E4,1.1919355
2023-06-01,BRAND_AA1F_COUNTRY_06E4,1.1879702
2023-07-01,BRAND_AA1F_COUNTRY_06E4,1.1854506
2023-08-01,BRAND_AA1F_COUNTRY_06E4,1.1825905
2023-09-01,BRAND_AA1F_COUNTRY_06E4,1.1798239
2023-10-01,BRAND_AA1F_COUNTRY_06E4,1.1770296
2023-11-01,BRAND_AA1F_COUNTRY_06E4,1.1742449
2023-12-01,BRAND_AA1F_COUNTRY_06E4,1.1714544
2023-01-01,BRAND_ACB5_COUNTRY_9488,1.1592875
2023-02-01,BRAND_ACB5_COUNTRY_9488,0.9622307
2023-03-01,BRAND_ACB5_COUNTRY_9488,1.2434931
2023-04-01,BRAND_ACB5_COUNTRY_9488,1.1193686
2023-05-01,BRAND_ACB5_COUNTRY_9488,1.1634979
2023-06-01,BRAND_ACB5_COUNTRY_9488,1.1430645
2023-07-01,BRAND_ACB5_COUNTRY_9488,1.1468477
2023-08-01,BRAND_ACB5_COUNTRY_9488,1.1416197
2023-09-01,BRAND_ACB5_COUNTRY_9488,1.1397371
2023-10-01,BRAND_ACB5_COUNTRY_9488,1.1366148
2023-11-01,BRAND_ACB5_COUNTRY_9488,1.1339493
2023-12-01,BRAND_ACB5_COUNTRY_9488,1.1311188
2023-01-01,BRAND_B1E8_COUNTRY_AE54,1.1246834
2023-02-01,BRAND_B1E8_COUNTRY_AE54,1.3793907
2023-03-01,BRAND_B1E8_COUNTRY_AE54,1.2999792
2023-04-01,BRAND_B1E8_COUNTRY_AE54,1.3329792
2023-05-01,BRAND_B1E8_COUNTRY_AE54,1.3156538
2023-06-01,BRAND_B1E8_COUNTRY_AE54,1.31843
2023-07-01,BRAND_B1E8_COUNTRY_AE54,1.3135595
2023-08-01,BRAND_B1E8_COUNTRY_AE54,1.3115501
2023-09-01,BRAND_B1E8_COUNTRY_AE54,1.308466
2023-10-01,BRAND_B1E8_COUNTRY_AE54,1.3057852
2023-11-01,BRAND_B1E8_COUNTRY_AE54,1.3029575
2023-12-01,BRAND_B1E8_COUNTRY_AE54,1.3001852
2023-01-01,BRAND_B79F_COUNTRY_B6AE,1.2930794
2023-02-01,BRAND_B79F_COUNTRY_B6AE,0.76532173
2023-03-01,BRAND_B79F_COUNTRY_B6AE,1.256197
2023-04-01,BRAND_B79F_COUNTRY_B6AE,1.0731602
2023-05-01,BRAND_B79F_COUNTRY_B6AE,1.1357193
2023-06-01,BRAND_B79F_COUNTRY_B6AE,1.1089687
2023-07-01,BRAND_B79F_COUNTRY_B6AE,1.1150169
2023-08-01,BRAND_B79F_COUNTRY_B6AE,1.108963
2023-09-01,BRAND_B79F_COUNTRY_B6AE,1.1073828
2023-10-01,BRAND_B79F_COUNTRY_B6AE,1.1041489
2023-11-01,BRAND_B79F_COUNTRY_B6AE,1.1015282
2023-12-01,BRAND_B79F_COUNTRY_B6AE,1.0986776
2023-11-01,BRAND_B8DE_COUNTRY_0309,1.0912666
2023-12-01,BRAND_B8DE_COUNTRY_0309,1.1921062
2023-10-01,BRAND_B8DE_COUNTRY_9891,1.205615
2023-11-01,BRAND_B8DE_COUNTRY_9891,1.1516781
2023-12-01,BRAND_B8DE_COUNTRY_9891,1.2212381
2023-12-01,BRAND_B8DE_COUNTRY_C8F4,1.1734896
2023-10-01,BRAND_B8DE_COUNTRY_D8B0,1.1495466
2023-11-01,BRAND_B8DE_COUNTRY_D8B0,1.259676
2023-12-01,BRAND_B8DE_COUNTRY_D8B0,1.227253
2023-01-01,BRAND_B94B_COUNTRY_5FEB,1.2382612
2023-02-01,BRAND_B94B_COUNTRY_5FEB,1.0881157
2023-03-01,BRAND_B94B_COUNTRY_5FEB,1.1850481
2023-04-01,BRAND_B94B_COUNTRY_5FEB,1.1566229
2023-05-01,BRAND_B94B_COUNTRY_5FEB,1.1631174
2023-06-01,BRAND_B94B_COUNTRY_5FEB,1.1534595
2023-07-01,BRAND_B94B_COUNTRY_5FEB,1.1518736
2023-08-01,BRAND_B94B_COUNTRY_5FEB,1.1485081
2023-09-01,BRAND_B94B_COUNTRY_5FEB,1.1459074
2023-10-01,BRAND_B94B_COUNTRY_5FEB,1.1407986
2023-11-01,BRAND_B94B_COUNTRY_5FEB,1.1379128
2023-12-01,BRAND_B94B_COUNTRY_5FEB,1.1352577
2023-01-01,BRAND_BBE0_COUNTRY_C89B,1.1367073
2023-02-01,BRAND_BBE0_COUNTRY_C89B,0.96505356
2023-03-01,BRAND_BBE0_COUNTRY_C89B,1.2113476
2023-04-01,BRAND_BBE0_COUNTRY_C89B,1.1303825
2023-05-01,BRAND_BBE0_COUNTRY_C89B,1.1535816
2023-06-01,BRAND_BBE0_COUNTRY_C89B,1.1415939
2023-07-01,BRAND_BBE0_COUNTRY_C89B,1.1421423
2023-08-01,BRAND_BBE0_COUNTRY_C89B,1.1381369
2023-09-01,BRAND_BBE0_COUNTRY_C89B,1.1358004
2023-10-01,BRAND_BBE0_COUNTRY_C89B,1.1328497
2023-11-01,BRAND_BBE0_COUNTRY_C89B,1.1301203
2023-12-01,BRAND_BBE0_COUNTRY_C89B,1.1273184
2023-01-01,BRAND_BC1F_COUNTRY_C89B,1.1024313
2023-02-01,BRAND_BC1F_COUNTRY_C89B,1.1060619
2023-03-01,BRAND_BC1F_COUNTRY_C89B,1.1963987
2023-04-01,BRAND_BC1F_COUNTRY_C89B,1.1784582
2023-05-01,BRAND_BC1F_COUNTRY_C89B,1.1777506
2023-06-01,BRAND_BC1F_COUNTRY_C89B,1.1746798
2023-07-01,BRAND_BC1F_COUNTRY_C89B,1.1719904
2023-08-01,BRAND_BC1F_COUNTRY_C89B,1.1691093
2023-09-01,BRAND_BC1F_COUNTRY_C89B,1.1664114
2023-10-01,BRAND_BC1F_COUNTRY_C89B,1.1635838
2023-11-01,BRAND_BC1F_COUNTRY_C89B,1.1608047
2023-12-01,BRAND_BC1F_COUNTRY_C89B,1.157978
2023-01-01,BRAND_BDB6_COUNTRY_5FEB,1.1443615
2023-02-01,BRAND_BDB6_COUNTRY_5FEB,1.0355463
2023-03-01,BRAND_BDB6_COUNTRY_5FEB,1.193779
2023-04-01,BRAND_BDB6_COUNTRY_5FEB,1.1222
2023-05-01,BRAND_BDB6_COUNTRY_5FEB,1.1465216
2023-06-01,BRAND_BDB6_COUNTRY_5FEB,1.1337042
2023-07-01,BRAND_BDB6_COUNTRY_5FEB,1.1346989
2023-08-01,BRAND_BDB6_COUNTRY_5FEB,1.1304522
2023-09-01,BRAND_BDB6_COUNTRY_5FEB,1.1281881
2023-10-01,BRAND_BDB6_COUNTRY_5FEB,1.1252232
2023-11-01,BRAND_BDB6_COUNTRY_5FEB,1.1224165
2023-12-01,BRAND_BDB6_COUNTRY_5FEB,1.1196194
2023-05-01,BRAND_C352_COUNTRY_0C7D,1.1313057
2023-06-01,BRAND_C352_COUNTRY_0C7D,0.946331
2023-07-01,BRAND_C352_COUNTRY_0C7D,1.2143936
2023-08-01,BRAND_C352_COUNTRY_0C7D,1.1499434
2023-09-01,BRAND_C352_COUNTRY_0C7D,1.1629076
2023-10-01,BRAND_C352_COUNTRY_0C7D,1.1553173
2023-11-01,BRAND_C352_COUNTRY_0C7D,1.1541529
2023-12-01,BRAND_C352_COUNTRY_0C7D,1.1507864
2023-01-01,BRAND_C352_COUNTRY_1007,1.1482086
2023-02-01,BRAND_C352_COUNTRY_1007,1.139883
2023-03-01,BRAND_C352_COUNTRY_1007,1.2145691
2023-04-01,BRAND_C352_COUNTRY_1007,1.1890106
2023-05-01,BRAND_C352_COUNTRY_1007,1.1770668
2023-06-01,BRAND_C352_COUNTRY_1007,1.1720047
2023-07-01,BRAND_C352_COUNTRY_1007,1.1701918
2023-08-01,BRAND_C352_COUNTRY_1007,1.1669579
2023-09-01,BRAND_C352_COUNTRY_1007,1.1643133
2023-10-01,BRAND_C352_COUNTRY_1007,1.1615086
2023-11-01,BRAND_C352_COUNTRY_1007,1.1587238
2023-12-01,BRAND_C352_COUNTRY_1007,1.1559439
2023-01-01,BRAND_C352_COUNTRY_445D,1.1483803
2023-02-01,BRAND_C352_COUNTRY_445D,1.0828218
2023-03-01,BRAND_C352_COUNTRY_445D,1.2159672
2023-04-01,BRAND_C352_COUNTRY_445D,1.1638231
2023-05-01,BRAND_C352_COUNTRY_445D,1.178729
2023-06-01,BRAND_C352_COUNTRY_445D,1.1694794
2023-07-01,BRAND_C352_COUNTRY_445D,1.169054
2023-08-01,BRAND_C352_COUNTRY_445D,1.1657228
2023-09-01,BRAND_C352_COUNTRY_445D,1.1627102
2023-10-01,BRAND_C352_COUNTRY_445D,1.1601181
2023-11-01,BRAND_C352_COUNTRY_445D,1.1573057
2023-12-01,BRAND_C352_COUNTRY_445D,1.1544552
2023-01-01,BRAND_C352_COUNTRY_4D48,1.1458769
2023-02-01,BRAND_C352_COUNTRY_4D48,0.99250317
2023-03-01,BRAND_C352_COUNTRY_4D48,1.2112694
2023-04-01,BRAND_C352_COUNTRY_4D48,1.134489
2023-05-01,BRAND_C352_COUNTRY_4D48,1.1572323
2023-06-01,BRAND_C352_COUNTRY_4D48,1.145278
2023-07-01,BRAND_C352_COUNTRY_4D48,1.1458273
2023-08-01,BRAND_C352_COUNTRY_4D48,1.1418171
2023-09-01,BRAND_C352_COUNTRY_4D48,1.1394882
2023-10-01,BRAND_C352_COUNTRY_4D48,1.136529
2023-11-01,BRAND_C352_COUNTRY_4D48,1.1338053
2023-12-01,BRAND_C352_COUNTRY_4D48,1.1309967
2023-01-01,BRAND_C352_COUNTRY_5A54,1.1219816
2023-02-01,BRAND_C352_COUNTRY_5A54,0.9626007
2023-03-01,BRAND_C352_COUNTRY_5A54,1.2223387
2023-04-01,BRAND_C352_COUNTRY_5A54,1.1313057
2023-05-01,BRAND_C352_COUNTRY_5A54,1.1591606
2023-06-01,BRAND_C352_COUNTRY_5A54,1.1451797
2023-07-01,BRAND_C352_COUNTRY_5A54,1.1465559
2023-08-01,BRAND_C352_COUNTRY_5A54,1.1421938
2023-09-01,BRAND_C352_COUNTRY_5A54,1.1400099
2023-10-01,BRAND_C352_COUNTRY_5A54,1.1370487
2023-11-01,BRAND_C352_COUNTRY_5A54,1.1342793
2023-12-01,BRAND_C352_COUNTRY_5A54,1.1313877
2023-02-01,BRAND_C352_COUNTRY_6B71,1.1217957
2023-03-01,BRAND_C352_COUNTRY_6B71,0.9431076
2023-04-01,BRAND_C352_COUNTRY_6B71,1.1958332
2023-05-01,BRAND_C352_COUNTRY_6B71,1.1165752
2023-06-01,BRAND_C352_COUNTRY_6B71,1.1402216
2023-07-01,BRAND_C352_COUNTRY_6B71,1.135253
2023-08-01,BRAND_C352_COUNTRY_6B71,1.1246243
2023-09-01,BRAND_C352_COUNTRY_6B71,1.1244164
2023-10-01,BRAND_C352_COUNTRY_6B71,1.1207676
2023-11-01,BRAND_C352_COUNTRY_6B71,1.1183004
2023-12-01,BRAND_C352_COUNTRY_6B71,1.1153908
2023-01-01,BRAND_C352_COUNTRY_88A3,1.1125832
2023-02-01,BRAND_C352_COUNTRY_88A3,1.0780954
2023-03-01,BRAND_C352_COUNTRY_88A3,1.1822042
2023-04-01,BRAND_C352_COUNTRY_88A3,1.1427269
2023-05-01,BRAND_C352_COUNTRY_88A3,1.1527224
2023-06-01,BRAND_C352_COUNTRY_88A3,1.145442
2023-07-01,BRAND_C352_COUNTRY_88A3,1.1443605
2023-08-01,BRAND_C352_COUNTRY_88A3,1.1409426
2023-09-01,BRAND_C352_COUNTRY_88A3,1.1383886
2023-10-01,BRAND_C352_COUNTRY_88A3,1.1355104
2023-11-01,BRAND_C352_COUNTRY_88A3,1.1327572
2023-12-01,BRAND_C352_COUNTRY_88A3,1.1299582
2023-01-01,BRAND_C352_COUNTRY_8B47,1.1216316
2023-02-01,BRAND_C352_COUNTRY_8B47,1.024621
2023-03-01,BRAND_C352_COUNTRY_8B47,1.1811094
2023-04-01,BRAND_C352_COUNTRY_8B47,1.1263742
2023-05-01,BRAND_C352_COUNTRY_8B47,1.1411362
2023-06-01,BRAND_C352_COUNTRY_8B47,1.1321459
2023-07-01,BRAND_C352_COUNTRY_8B47,1.1316261
2023-08-01,BRAND_C352_COUNTRY_8B47,1.1279736
2023-09-01,BRAND_C352_COUNTRY_8B47,1.1255198
2023-10-01,BRAND_C352_COUNTRY_8B47,1.1226349
2023-11-01,BRAND_C352_COUNTRY_8B47,1.1198397
2023-12-01,BRAND_C352_COUNTRY_8B47,1.1170692
2023-05-01,BRAND_C352_COUNTRY_907E,1.1087322
2023-06-01,BRAND_C352_COUNTRY_907E,0.9355936
2023-07-01,BRAND_C352_COUNTRY_907E,1.221509
2023-08-01,BRAND_C352_COUNTRY_907E,1.1214685
2023-09-01,BRAND_C352_COUNTRY_907E,1.1523657
2023-10-01,BRAND_C352_COUNTRY_907E,1.1374645
2023-11-01,BRAND_C352_COUNTRY_907E,1.1391087
2023-12-01,BRAND_C352_COUNTRY_907E,1.134697
2023-01-01,BRAND_C352_COUNTRY_9488,1.1324978
2023-02-01,BRAND_C352_COUNTRY_9488,1.0598631
2023-03-01,BRAND_C352_COUNTRY_9488,1.177947
2023-04-01,BRAND_C352_COUNTRY_9488,1.1369524
2023-05-01,BRAND_C352_COUNTRY_9488,1.1411572
2023-06-01,BRAND_C352_COUNTRY_9488,1.1338663
2023-07-01,BRAND_C352_COUNTRY_9488,1.1327267
2023-08-01,BRAND_C352_COUNTRY_9488,1.1293173
2023-09-01,BRAND_C352_COUNTRY_9488,1.1267796
2023-10-01,BRAND_C352_COUNTRY_9488,1.1238747
2023-11-01,BRAND_C352_COUNTRY_9488,1.1211557
2023-12-01,BRAND_C352_COUNTRY_9488,1.1183214
2023-01-01,BRAND_C352_COUNTRY_C8F4,1.1104422
2023-02-01,BRAND_C352_COUNTRY_C8F4,1.1100378
2023-03-01,BRAND_C352_COUNTRY_C8F4,1.2056627
2023-04-01,BRAND_C352_COUNTRY_C8F4,1.1686745
2023-05-01,BRAND_C352_COUNTRY_C8F4,1.1778593
2023-06-01,BRAND_C352_COUNTRY_C8F4,1.1707478
2023-07-01,BRAND_C352_COUNTRY_C8F4,1.1695452
2023-08-01,BRAND_C352_COUNTRY_C8F4,1.1661711
2023-09-01,BRAND_C352_COUNTRY_C8F4,1.1636
2023-10-01,BRAND_C352_COUNTRY_C8F4,1.1607304
2023-11-01,BRAND_C352_COUNTRY_C8F4,1.1579762
2023-12-01,BRAND_C352_COUNTRY_C8F4,1.1551752
2023-02-01,BRAND_C352_COUNTRY_F78A,1.1467228
2023-03-01,BRAND_C352_COUNTRY_F78A,0.8228159
2023-04-01,BRAND_C352_COUNTRY_F78A,1.1682281
2023-05-01,BRAND_C352_COUNTRY_F78A,1.0547476
2023-06-01,BRAND_C352_COUNTRY_F78A,1.0909252
2023-07-01,BRAND_C352_COUNTRY_F78A,1.081337
2023-08-01,BRAND_C352_COUNTRY_F78A,1.0724144
2023-09-01,BRAND_C352_COUNTRY_F78A,1.0715647
2023-10-01,BRAND_C352_COUNTRY_F78A,1.0681458
2023-11-01,BRAND_C352_COUNTRY_F78A,1.0655613
2023-12-01,BRAND_C352_COUNTRY_F78A,1.0627317
2023-01-01,BRAND_C3A1_COUNTRY_5180,1.0599289
2023-02-01,BRAND_C3A1_COUNTRY_5180,1.069788
2023-03-01,BRAND_C3A1_COUNTRY_5180,1.241106
2023-04-01,BRAND_C3A1_COUNTRY_5180,1.199791
2023-05-01,BRAND_C3A1_COUNTRY_5180,1.2063837
2023-06-01,BRAND_C3A1_COUNTRY_5180,1.2009878
2023-07-01,BRAND_C3A1_COUNTRY_5180,1.199111
2023-08-01,BRAND_C3A1_COUNTRY_5180,1.196003
2023-09-01,BRAND_C3A1_COUNTRY_5180,1.1933308
2023-10-01,BRAND_C3A1_COUNTRY_5180,1.1905003
2023-11-01,BRAND_C3A1_COUNTRY_5180,1.1877289
2023-12-01,BRAND_C3A1_COUNTRY_5180,1.1849384
2023-01-01,BRAND_C94B_COUNTRY_5A54,1.1781969
2023-02-01,BRAND_C94B_COUNTRY_5A54,1.0958614
2023-03-01,BRAND_C94B_COUNTRY_5A54,1.180934
2023-04-01,BRAND_C94B_COUNTRY_5A54,1.1578703
2023-05-01,BRAND_C94B_COUNTRY_5A54,1.1593237
2023-06-01,BRAND_C94B_COUNTRY_5A54,1.1566801
2023-07-01,BRAND_C94B_COUNTRY_5A54,1.1518984
2023-08-01,BRAND_C94B_COUNTRY_5A54,1.1505499
2023-09-01,BRAND_C94B_COUNTRY_5A54,1.1471386
2023-10-01,BRAND_C94B_COUNTRY_5A54,1.1458569
2023-11-01,BRAND_C94B_COUNTRY_5A54,1.1406345
2023-12-01,BRAND_C94B_COUNTRY_5A54,1.1394415
2023-10-01,BRAND_C94B_COUNTRY_6C16,1.1260843
2023-11-01,BRAND_C94B_COUNTRY_6C16,1.0048609
2023-12-01,BRAND_C94B_COUNTRY_6C16,1.2572584
2023-01-01,BRAND_CFD9_COUNTRY_AE54,1.1901093
2023-02-01,BRAND_CFD9_COUNTRY_AE54,1.4465055
2023-03-01,BRAND_CFD9_COUNTRY_AE54,1.280159
2023-04-01,BRAND_CFD9_COUNTRY_AE54,1.3310928
2023-05-01,BRAND_CFD9_COUNTRY_AE54,1.3097696
2023-06-01,BRAND_CFD9_COUNTRY_AE54,1.313571
2023-07-01,BRAND_CFD9_COUNTRY_AE54,1.3084183
2023-08-01,BRAND_CFD9_COUNTRY_AE54,1.3065262
2023-09-01,BRAND_CFD9_COUNTRY_AE54,1.3034058
2023-10-01,BRAND_CFD9_COUNTRY_AE54,1.2915373
2023-11-01,BRAND_CFD9_COUNTRY_AE54,1.2880421
2023-12-01,BRAND_CFD9_COUNTRY_AE54,1.2840366
2023-01-01,BRAND_D13E_COUNTRY_9891,1.2834911
2023-02-01,BRAND_D13E_COUNTRY_9891,0.85735893
2023-03-01,BRAND_D13E_COUNTRY_9891,1.3212833
2023-04-01,BRAND_D13E_COUNTRY_9891,1.1488848
2023-05-01,BRAND_D13E_COUNTRY_9891,1.2073622
2023-06-01,BRAND_D13E_COUNTRY_9891,1.1821394
2023-07-01,BRAND_D13E_COUNTRY_9891,1.1876202
2023-08-01,BRAND_D13E_COUNTRY_9891,1.1817732
2023-09-01,BRAND_D13E_COUNTRY_9891,1.1801205
2023-10-01,BRAND_D13E_COUNTRY_9891,1.1769085
2023-11-01,BRAND_D13E_COUNTRY_9891,1.1742811
2023-12-01,BRAND_D13E_COUNTRY_9891,1.1714363
2023-01-01,BRAND_D72F_COUNTRY_1033,1.1631956
2023-02-01,BRAND_D72F_COUNTRY_1033,0.9693012
2023-03-01,BRAND_D72F_COUNTRY_1033,1.1418839
2023-04-01,BRAND_D72F_COUNTRY_1033,1.0969296
2023-05-01,BRAND_D72F_COUNTRY_1033,1.1056452
2023-06-01,BRAND_D72F_COUNTRY_1033,1.0992088
2023-07-01,BRAND_D72F_COUNTRY_1033,1.0976839
2023-08-01,BRAND_D72F_COUNTRY_1033,1.0944414
2023-09-01,BRAND_D72F_COUNTRY_1033,1.0918198
2023-10-01,BRAND_D72F_COUNTRY_1033,1.0889711
2023-11-01,BRAND_D72F_COUNTRY_1033,1.0862064
2023-12-01,BRAND_D72F_COUNTRY_1033,1.0838194
2023-01-01,BRAND_D72F_COUNTRY_3536,1.0809374
2023-02-01,BRAND_D72F_COUNTRY_3536,1.0052633
2023-03-01,BRAND_D72F_COUNTRY_3536,1.1695948
2023-04-01,BRAND_D72F_COUNTRY_3536,1.111681
2023-05-01,BRAND_D72F_COUNTRY_3536,1.1277361
2023-06-01,BRAND_D72F_COUNTRY_3536,1.1182165
2023-07-01,BRAND_D72F_COUNTRY_3536,1.1178894
2023-08-01,BRAND_D72F_COUNTRY_3536,1.1142035
2023-09-01,BRAND_D72F_COUNTRY_3536,1.1117468
2023-10-01,BRAND_D72F_COUNTRY_3536,1.1088448
2023-11-01,BRAND_D72F_COUNTRY_3536,1.1060667
2023-12-01,BRAND_D72F_COUNTRY_3536,1.1032982
2023-01-01,BRAND_D72F_COUNTRY_C89B,1.0945597
2023-02-01,BRAND_D72F_COUNTRY_C89B,0.9556341
2023-03-01,BRAND_D72F_COUNTRY_C89B,1.2099504
2023-04-01,BRAND_D72F_COUNTRY_C89B,1.1026821
2023-05-01,BRAND_D72F_COUNTRY_C89B,1.1394491
2023-06-01,BRAND_D72F_COUNTRY_C89B,1.1219053
2023-07-01,BRAND_D72F_COUNTRY_C89B,1.1245937
2023-08-01,BRAND_D72F_COUNTRY_C89B,1.1197758
2023-09-01,BRAND_D72F_COUNTRY_C89B,1.1177406
2023-10-01,BRAND_D72F_COUNTRY_C89B,1.1146736
2023-11-01,BRAND_D72F_COUNTRY_C89B,1.111989
2023-12-01,BRAND_D72F_COUNTRY_C89B,1.1091623
2023-10-01,BRAND_D786_COUNTRY_0309,1.0978718
2023-11-01,BRAND_D786_COUNTRY_0309,1.110692
2023-12-01,BRAND_D786_COUNTRY_0309,1.2354889
2023-02-01,BRAND_D786_COUNTRY_1033,1.2041874
2023-03-01,BRAND_D786_COUNTRY_1033,0.99172306
2023-04-01,BRAND_D786_COUNTRY_1033,1.1518955
2023-05-01,BRAND_D786_COUNTRY_1033,1.1023216
2023-06-01,BRAND_D786_COUNTRY_1033,1.1160679
2023-07-01,BRAND_D786_COUNTRY_1033,1.1145954
2023-08-01,BRAND_D786_COUNTRY_1033,1.1026964
2023-09-01,BRAND_D786_COUNTRY_1033,1.102951
2023-10-01,BRAND_D786_COUNTRY_1033,1.0991211
2023-11-01,BRAND_D786_COUNTRY_1033,1.1028328
2023-12-01,BRAND_D786_COUNTRY_1033,1.0999107
2023-01-01,BRAND_D786_COUNTRY_3AD0,1.0971737
2023-02-01,BRAND_D786_COUNTRY_3AD0,1.1390991
2023-03-01,BRAND_D786_COUNTRY_3AD0,1.1918793
2023-04-01,BRAND_D786_COUNTRY_3AD0,1.1748285
2023-05-01,BRAND_D786_COUNTRY_3AD0,1.170887
2023-06-01,BRAND_D786_COUNTRY_3AD0,1.1713715
2023-07-01,BRAND_D786_COUNTRY_3AD0,1.1670732
2023-08-01,BRAND_D786_COUNTRY_3AD0,1.1648932
2023-09-01,BRAND_D786_COUNTRY_3AD0,1.1618738
2023-10-01,BRAND_D786_COUNTRY_3AD0,1.1595421
2023-11-01,BRAND_D786_COUNTRY_3AD0,1.1560373
2023-12-01,BRAND_D786_COUNTRY_3AD0,1.153718
2023-01-01,BRAND_D786_COUNTRY_4253,1.1447582
2023-02-01,BRAND_D786_COUNTRY_4253,0.97038174
2023-03-01,BRAND_D786_COUNTRY_4253,1.2198057
2023-04-01,BRAND_D786_COUNTRY_4253,1.1332216
2023-05-01,BRAND_D786_COUNTRY_4253,1.1594124
2023-06-01,BRAND_D786_COUNTRY_4253,1.1470537
2023-07-01,BRAND_D786_COUNTRY_4253,1.1473532
2023-08-01,BRAND_D786_COUNTRY_4253,1.1434908
2023-09-01,BRAND_D786_COUNTRY_4253,1.1402273
2023-10-01,BRAND_D786_COUNTRY_4253,1.139185
2023-11-01,BRAND_D786_COUNTRY_4253,1.1348467
2023-12-01,BRAND_D786_COUNTRY_4253,1.1329174
2023-05-01,BRAND_D786_COUNTRY_4D48,1.1235619
2023-06-01,BRAND_D786_COUNTRY_4D48,1.0080538
2023-07-01,BRAND_D786_COUNTRY_4D48,1.2248373
2023-08-01,BRAND_D786_COUNTRY_4D48,1.145071
2023-09-01,BRAND_D786_COUNTRY_4D48,1.1694517
2023-10-01,BRAND_D786_COUNTRY_4D48,1.1567917
2023-11-01,BRAND_D786_COUNTRY_4D48,1.1576262
2023-12-01,BRAND_D786_COUNTRY_4D48,1.1535463
2023-01-01,BRAND_D786_COUNTRY_53A5,1.1511927
2023-02-01,BRAND_D786_COUNTRY_53A5,1.1794577
2023-03-01,BRAND_D786_COUNTRY_53A5,1.2575312
2023-04-01,BRAND_D786_COUNTRY_53A5,1.2471704
2023-05-01,BRAND_D786_COUNTRY_53A5,1.2379866
2023-06-01,BRAND_D786_COUNTRY_53A5,1.2362442
2023-07-01,BRAND_D786_COUNTRY_53A5,1.232975
2023-08-01,BRAND_D786_COUNTRY_53A5,1.2303524
2023-09-01,BRAND_D786_COUNTRY_53A5,1.2275429
2023-10-01,BRAND_D786_COUNTRY_53A5,1.224762
2023-11-01,BRAND_D786_COUNTRY_53A5,1.2219095
2023-12-01,BRAND_D786_COUNTRY_53A5,1.2191429
2023-01-01,BRAND_D786_COUNTRY_5A54,1.1984291
2023-02-01,BRAND_D786_COUNTRY_5A54,1.0444489
2023-03-01,BRAND_D786_COUNTRY_5A54,1.1910105
2023-04-01,BRAND_D786_COUNTRY_5A54,1.1223335
2023-05-01,BRAND_D786_COUNTRY_5A54,1.1452446
2023-06-01,BRAND_D786_COUNTRY_5A54,1.1328058
2023-07-01,BRAND_D786_COUNTRY_5A54,1.1336966
2023-08-01,BRAND_D786_COUNTRY_5A54,1.129466
2023-09-01,BRAND_D786_COUNTRY_5A54,1.1272545
2023-10-01,BRAND_D786_COUNTRY_5A54,1.1242208
2023-11-01,BRAND_D786_COUNTRY_5A54,1.1215897
2023-12-01,BRAND_D786_COUNTRY_5A54,1.1188917
2023-09-01,BRAND_D786_COUNTRY_9891,1.1239433
2023-10-01,BRAND_D786_COUNTRY_9891,1.0120573
2023-11-01,BRAND_D786_COUNTRY_9891,1.2705774
2023-12-01,BRAND_D786_COUNTRY_9891,1.1704264
2023-08-01,BRAND_D786_COUNTRY_D8B0,1.2030859
2023-09-01,BRAND_D786_COUNTRY_D8B0,1.2203751
2023-10-01,BRAND_D786_COUNTRY_D8B0,1.2621422
2023-11-01,BRAND_D786_COUNTRY_D8B0,1.243103
2023-12-01,BRAND_D786_COUNTRY_D8B0,1.2461252
2023-09-01,BRAND_DB5A_COUNTRY_1007,1.2412186
2023-10-01,BRAND_DB5A_COUNTRY_1007,1.1386833
2023-11-01,BRAND_DB5A_COUNTRY_1007,1.1739664
2023-12-01,BRAND_DB5A_COUNTRY_1007,1.1788673
2023-09-01,BRAND_DB5A_COUNTRY_3AD0,1.1670732
2023-10-01,BRAND_DB5A_COUNTRY_3AD0,1.1161861
2023-11-01,BRAND_DB5A_COUNTRY_3AD0,1.1860456
2023-12-01,BRAND_DB5A_COUNTRY_3AD0,1.1526775
2023-11-01,BRAND_DB5A_COUNTRY_9488,1.1595125
2023-12-01,BRAND_DB5A_COUNTRY_9488,1.0772705
2023-01-01,BRAND_E57A_COUNTRY_0309,1.162713
2023-02-01,BRAND_E57A_COUNTRY_0309,1.1773367
2023-03-01,BRAND_E57A_COUNTRY_0309,1.2284937
2023-04-01,BRAND_E57A_COUNTRY_0309,1.230052
2023-05-01,BRAND_E57A_COUNTRY_0309,1.22153
2023-06-01,BRAND_E57A_COUNTRY_0309,1.2214737
2023-07-01,BRAND_E57A_COUNTRY_0309,1.2152872
2023-08-01,BRAND_E57A_COUNTRY_0309,1.2129221
2023-09-01,BRAND_E57A_COUNTRY_0309,1.2099762
2023-10-01,BRAND_E57A_COUNTRY_0309,1.2072468
2023-11-01,BRAND_E57A_COUNTRY_0309,1.2028399
2023-12-01,BRAND_E57A_COUNTRY_0309,1.2000628
2023-01-01,BRAND_E57A_COUNTRY_06E4,1.1951494
2023-02-01,BRAND_E57A_COUNTRY_06E4,0.9675083
2023-03-01,BRAND_E57A_COUNTRY_06E4,1.177145
2023-04-01,BRAND_E57A_COUNTRY_06E4,1.1026983
2023-05-01,BRAND_E57A_COUNTRY_06E4,1.1248655
2023-06-01,BRAND_E57A_COUNTRY_06E4,1.113081
2023-07-01,BRAND_E57A_COUNTRY_06E4,1.1135864
2023-08-01,BRAND_E57A_COUNTRY_06E4,1.1095858
2023-09-01,BRAND_E57A_COUNTRY_06E4,1.1072474
2023-10-01,BRAND_E57A_COUNTRY_06E4,1.1042957
2023-11-01,BRAND_E57A_COUNTRY_06E4,1.1015663
2023-12-01,BRAND_E57A_COUNTRY_06E4,1.0987587
2023-01-01,BRAND_E57A_COUNTRY_0C7D,1.0907726
2023-02-01,BRAND_E57A_COUNTRY_0C7D,1.0258179
2023-03-01,BRAND_E57A_COUNTRY_0C7D,1.2059526
2023-04-01,BRAND_E57A_COUNTRY_0C7D,1.1446133
2023-05-01,BRAND_E57A_COUNTRY_0C7D,1.1614771
2023-06-01,BRAND_E57A_COUNTRY_0C7D,1.1517105
2023-07-01,BRAND_E57A_COUNTRY_0C7D,1.1514502
2023-08-01,BRAND_E57A_COUNTRY_0C7D,1.1477709
2023-09-01,BRAND_E57A_COUNTRY_0C7D,1.1452961
2023-10-01,BRAND_E57A_COUNTRY_0C7D,1.1423931
2023-11-01,BRAND_E57A_COUNTRY_0C7D,1.1396494
2023-12-01,BRAND_E57A_COUNTRY_0C7D,1.1368465
2023-10-01,BRAND_E57A_COUNTRY_1007,1.12784
2023-11-01,BRAND_E57A_COUNTRY_1007,0.99947166
2023-12-01,BRAND_E57A_COUNTRY_1007,1.2392769
2023-01-01,BRAND_E57A_COUNTRY_3AD0,1.153018
2023-02-01,BRAND_E57A_COUNTRY_3AD0,1.2060671
2023-03-01,BRAND_E57A_COUNTRY_3AD0,1.1643524
2023-04-01,BRAND_E57A_COUNTRY_3AD0,1.1772232
2023-05-01,BRAND_E57A_COUNTRY_3AD0,1.1683617
2023-06-01,BRAND_E57A_COUNTRY_3AD0,1.1680584
2023-07-01,BRAND_E57A_COUNTRY_3AD0,1.1642523
2023-08-01,BRAND_E57A_COUNTRY_3AD0,1.1618986
2023-09-01,BRAND_E57A_COUNTRY_3AD0,1.1589155
2023-10-01,BRAND_E57A_COUNTRY_3AD0,1.1535997
2023-11-01,BRAND_E57A_COUNTRY_3AD0,1.1508131
2023-12-01,BRAND_E57A_COUNTRY_3AD0,1.1480417
2023-01-01,BRAND_E57A_COUNTRY_458E,1.1403704
2023-02-01,BRAND_E57A_COUNTRY_458E,0.8779297
2023-03-01,BRAND_E57A_COUNTRY_458E,1.217536
2023-04-01,BRAND_E57A_COUNTRY_458E,1.0963955
2023-05-01,BRAND_E57A_COUNTRY_458E,1.1352358
2023-06-01,BRAND_E57A_COUNTRY_458E,1.1173725
2023-07-01,BRAND_E57A_COUNTRY_458E,1.1201124
2023-08-01,BRAND_E57A_COUNTRY_458E,1.1152849
2023-09-01,BRAND_E57A_COUNTRY_458E,1.1132565
2023-10-01,BRAND_E57A_COUNTRY_458E,1.1101875
2023-11-01,BRAND_E57A_COUNTRY_458E,1.107502
2023-12-01,BRAND_E57A_COUNTRY_458E,1.1046772
2023-01-01,BRAND_E57A_COUNTRY_4D48,1.0944748
2023-02-01,BRAND_E57A_COUNTRY_4D48,1.0345173
2023-03-01,BRAND_E57A_COUNTRY_4D48,1.2199764
2023-04-01,BRAND_E57A_COUNTRY_4D48,1.1562471
2023-05-01,BRAND_E57A_COUNTRY_4D48,1.174037
2023-06-01,BRAND_E57A_COUNTRY_4D48,1.1639347
2023-07-01,BRAND_E57A_COUNTRY_4D48,1.1638098
2023-08-01,BRAND_E57A_COUNTRY_4D48,1.1600428
2023-09-01,BRAND_E57A_COUNTRY_4D48,1.1576166
2023-10-01,BRAND_E57A_COUNTRY_4D48,1.1546984
2023-11-01,BRAND_E57A_COUNTRY_4D48,1.1519575
2023-12-01,BRAND_E57A_COUNTRY_4D48,1.1491508
2023-01-01,BRAND_E57A_COUNTRY_5180,1.1400051
2023-02-01,BRAND_E57A_COUNTRY_5180,1.1053915
2023-03-01,BRAND_E57A_COUNTRY_5180,1.2046299
2023-04-01,BRAND_E57A_COUNTRY_5180,1.1698856
2023-05-01,BRAND_E57A_COUNTRY_5180,1.1776772
2023-06-01,BRAND_E57A_COUNTRY_5180,1.1711617
2023-07-01,BRAND_E57A_COUNTRY_5180,1.1697235
2023-08-01,BRAND_E57A_COUNTRY_5180,1.1664419
2023-09-01,BRAND_E57A_COUNTRY_5180,1.1638365
2023-10-01,BRAND_E57A_COUNTRY_5180,1.160984
2023-11-01,BRAND_E57A_COUNTRY_5180,1.1582184
2023-12-01,BRAND_E57A_COUNTRY_5180,1.1554241
2023-01-01,BRAND_E57A_COUNTRY_53A5,1.1475086
2023-02-01,BRAND_E57A_COUNTRY_53A5,1.0885592
2023-03-01,BRAND_E57A_COUNTRY_53A5,1.2740717
2023-04-01,BRAND_E57A_COUNTRY_53A5,1.2278023
2023-05-01,BRAND_E57A_COUNTRY_53A5,1.2362309
2023-06-01,BRAND_E57A_COUNTRY_53A5,1.2300186
2023-07-01,BRAND_E57A_COUNTRY_53A5,1.2283955
2023-08-01,BRAND_E57A_COUNTRY_53A5,1.2251902
2023-09-01,BRAND_E57A_COUNTRY_53A5,1.2225552
2023-10-01,BRAND_E57A_COUNTRY_53A5,1.2197104
2023-11-01,BRAND_E57A_COUNTRY_53A5,1.2169456
2023-12-01,BRAND_E57A_COUNTRY_53A5,1.2141476
2023-01-01,BRAND_E57A_COUNTRY_6C16,1.1924295
2023-02-01,BRAND_E57A_COUNTRY_6C16,1.0099611
2023-03-01,BRAND_E57A_COUNTRY_6C16,1.263484
2023-04-01,BRAND_E57A_COUNTRY_6C16,1.1568499
2023-05-01,BRAND_E57A_COUNTRY_6C16,1.1933966
2023-06-01,BRAND_E57A_COUNTRY_6C16,1.1759281
2023-07-01,BRAND_E57A_COUNTRY_6C16,1.1785917
2023-08-01,BRAND_E57A_COUNTRY_6C16,1.1737747
2023-09-01,BRAND_E57A_COUNTRY_6C16,1.1717539
2023-10-01,BRAND_E57A_COUNTRY_6C16,1.1686735
2023-11-01,BRAND_E57A_COUNTRY_6C16,1.1660061
2023-12-01,BRAND_E57A_COUNTRY_6C16,1.163147
2023-01-01,BRAND_E57A_COUNTRY_6F78,1.1663017
2023-02-01,BRAND_E57A_COUNTRY_6F78,1.1198444
2023-03-01,BRAND_E57A_COUNTRY_6F78,1.2780809
2023-04-01,BRAND_E57A_COUNTRY_6F78,1.2240152
2023-05-01,BRAND_E57A_COUNTRY_6F78,1.2383652
2023-06-01,BRAND_E57A_COUNTRY_6F78,1.2295141
2023-07-01,BRAND_E57A_COUNTRY_6F78,1.2289286
2023-08-01,BRAND_E57A_COUNTRY_6F78,1.2253323
2023-09-01,BRAND_E57A_COUNTRY_6F78,1.2228422
2023-10-01,BRAND_E57A_COUNTRY_6F78,1.219943
2023-11-01,BRAND_E57A_COUNTRY_6F78,1.2171993
2023-12-01,BRAND_E57A_COUNTRY_6F78,1.2144003
2023-01-01,BRAND_E57A_COUNTRY_88A3,1.2051516
2023-02-01,BRAND_E57A_COUNTRY_88A3,0.9804058
2023-03-01,BRAND_E57A_COUNTRY_88A3,1.2331982
2023-04-01,BRAND_E57A_COUNTRY_88A3,1.1431198
2023-05-01,BRAND_E57A_COUNTRY_88A3,1.1708755
2023-06-01,BRAND_E57A_COUNTRY_88A3,1.157054
2023-07-01,BRAND_E57A_COUNTRY_88A3,1.1583099
2023-08-01,BRAND_E57A_COUNTRY_88A3,1.1540327
2023-09-01,BRAND_E57A_COUNTRY_88A3,1.1517944
2023-10-01,BRAND_E57A_COUNTRY_88A3,1.1488037
2023-11-01,BRAND_E57A_COUNTRY_88A3,1.1460896
2023-12-01,BRAND_E57A_COUNTRY_88A3,1.1432734
2023-03-01,BRAND_E57A_COUNTRY_8B47,1.1347599
2023-04-01,BRAND_E57A_COUNTRY_8B47,0.9818306
2023-05-01,BRAND_E57A_COUNTRY_8B47,1.2196693
2023-06-01,BRAND_E57A_COUNTRY_8B47,1.1364298
2023-07-01,BRAND_E57A_COUNTRY_8B47,1.1613998
2023-08-01,BRAND_E57A_COUNTRY_8B47,1.1486473
2023-09-01,BRAND_E57A_COUNTRY_8B47,1.1495018
2023-10-01,BRAND_E57A_COUNTRY_8B47,1.1453733
2023-11-01,BRAND_E57A_COUNTRY_8B47,1.1430807
2023-12-01,BRAND_E57A_COUNTRY_8B47,1.1401091
2023-04-01,BRAND_E57A_COUNTRY_9488,1.1373892
2023-05-01,BRAND_E57A_COUNTRY_9488,1.0410595
2023-06-01,BRAND_E57A_COUNTRY_9488,1.192523
2023-07-01,BRAND_E57A_COUNTRY_9488,1.1360798
2023-08-01,BRAND_E57A_COUNTRY_9488,1.151825
2023-09-01,BRAND_E57A_COUNTRY_9488,1.1423817
2023-10-01,BRAND_E57A_COUNTRY_9488,1.142026
2023-11-01,BRAND_E57A_COUNTRY_9488,1.1383429
2023-12-01,BRAND_E57A_COUNTRY_9488,1.1358871
2023-01-01,BRAND_E57A_COUNTRY_9891,1.1329746
2023-02-01,BRAND_E57A_COUNTRY_9891,1.1956367
2023-03-01,BRAND_E57A_COUNTRY_9891,1.2032299
2023-04-01,BRAND_E57A_COUNTRY_9891,1.1958103
2023-05-01,BRAND_E57A_COUNTRY_9891,1.1922474
2023-06-01,BRAND_E57A_COUNTRY_9891,1.1898603
2023-07-01,BRAND_E57A_COUNTRY_9891,1.1869078
2023-08-01,BRAND_E57A_COUNTRY_9891,1.1841841
2023-09-01,BRAND_E57A_COUNTRY_9891,1.1813707
2023-10-01,BRAND_E57A_COUNTRY_9891,1.1785927
2023-11-01,BRAND_E57A_COUNTRY_9891,1.1757956
2023-12-01,BRAND_E57A_COUNTRY_9891,1.1730185
2023-01-01,BRAND_E57A_COUNTRY_D5B9,1.165946
2023-02-01,BRAND_E57A_COUNTRY_D5B9,1.0964098
2023-03-01,BRAND_E57A_COUNTRY_D5B9,1.2915668
2023-04-01,BRAND_E57A_COUNTRY_D5B9,1.22089
2023-05-01,BRAND_E57A_COUNTRY_D5B9,1.241786
2023-06-01,BRAND_E57A_COUNTRY_D5B9,1.2304564
2023-07-01,BRAND_E57A_COUNTRY_D5B9,1.2307987
2023-08-01,BRAND_E57A_COUNTRY_D5B9,1.2268562
2023-09-01,BRAND_E57A_COUNTRY_D5B9,1.2244949
2023-10-01,BRAND_E57A_COUNTRY_D5B9,1.221549
2023-11-01,BRAND_E57A_COUNTRY_D5B9,1.2188187
2023-12-01,BRAND_E57A_COUNTRY_D5B9,1.2160091
2023-01-01,BRAND_E57A_COUNTRY_EA71,1.2059488
2023-02-01,BRAND_E57A_COUNTRY_EA71,0.918663
2023-03-01,BRAND_E57A_COUNTRY_EA71,1.2408772
2023-04-01,BRAND_E57A_COUNTRY_EA71,1.1271553
2023-05-01,BRAND_E57A_COUNTRY_EA71,1.1632242
2023-06-01,BRAND_E57A_COUNTRY_EA71,1.146349
2023-07-01,BRAND_E57A_COUNTRY_EA71,1.1487522
2023-08-01,BRAND_E57A_COUNTRY_EA71,1.1440554
2023-09-01,BRAND_E57A_COUNTRY_EA71,1.1419611
2023-10-01,BRAND_E57A_COUNTRY_EA71,1.1389198
2023-11-01,BRAND_E57A_COUNTRY_EA71,1.1362247
2023-12-01,BRAND_E57A_COUNTRY_EA71,1.1334391
2023-01-01,BRAND_E9AB_COUNTRY_5A54,1.1244926
2023-02-01,BRAND_E9AB_COUNTRY_5A54,1.066925
2023-03-01,BRAND_E9AB_COUNTRY_5A54,1.1863403
2023-04-01,BRAND_E9AB_COUNTRY_5A54,1.1703262
2023-05-01,BRAND_E9AB_COUNTRY_5A54,1.1668377
2023-06-01,BRAND_E9AB_COUNTRY_5A54,1.1651306
2023-07-01,BRAND_E9AB_COUNTRY_5A54,1.161746
2023-08-01,BRAND_E9AB_COUNTRY_5A54,1.1593285
2023-09-01,BRAND_E9AB_COUNTRY_5A54,1.1563406
2023-10-01,BRAND_E9AB_COUNTRY_5A54,1.1536341
2023-11-01,BRAND_E9AB_COUNTRY_5A54,1.1508732
2023-12-01,BRAND_E9AB_COUNTRY_5A54,1.1480169
2023-08-01,BRAND_E9AB_COUNTRY_8DBB,1.136033
2023-09-01,BRAND_E9AB_COUNTRY_8DBB,0.9652214
2023-10-01,BRAND_E9AB_COUNTRY_8DBB,1.170886
2023-11-01,BRAND_E9AB_COUNTRY_8DBB,1.090168
2023-12-01,BRAND_E9AB_COUNTRY_8DBB,1.1165981
2023-08-01,BRAND_E9AB_COUNTRY_C89B,1.1005573
2023-09-01,BRAND_E9AB_COUNTRY_C89B,1.079915
2023-10-01,BRAND_E9AB_COUNTRY_C89B,1.1557894
2023-11-01,BRAND_E9AB_COUNTRY_C89B,1.1223869
2023-12-01,BRAND_E9AB_COUNTRY_C89B,1.1310349
2023-01-01,BRAND_ED43_COUNTRY_7D31,1.1239576
2023-02-01,BRAND_ED43_COUNTRY_7D31,1.3505316
2023-03-01,BRAND_ED43_COUNTRY_7D31,1.2841244
2023-04-01,BRAND_ED43_COUNTRY_7D31,1.3313837
2023-05-01,BRAND_ED43_COUNTRY_7D31,1.3053617
2023-06-01,BRAND_ED43_COUNTRY_7D31,1.3118458
2023-07-01,BRAND_ED43_COUNTRY_7D31,1.3056364
2023-08-01,BRAND_ED43_COUNTRY_7D31,1.301075
2023-09-01,BRAND_ED43_COUNTRY_7D31,1.2977962
2023-10-01,BRAND_ED43_COUNTRY_7D31,1.2951975
2023-11-01,BRAND_ED43_COUNTRY_7D31,1.2923374
2023-12-01,BRAND_ED43_COUNTRY_7D31,1.2895765
2023-01-01,BRAND_F649_COUNTRY_1033,1.2788763
2023-02-01,BRAND_F649_COUNTRY_1033,0.9251518
2023-03-01,BRAND_F649_COUNTRY_1033,1.1794062
2023-04-01,BRAND_F649_COUNTRY_1033,1.0880775
2023-05-01,BRAND_F649_COUNTRY_1033,1.1165619
2023-06-01,BRAND_F649_COUNTRY_1033,1.1024284
2023-07-01,BRAND_F649_COUNTRY_1033,1.1038055
2023-08-01,BRAND_F649_COUNTRY_1033,1.0994825
2023-09-01,BRAND_F649_COUNTRY_1033,1.0972614
2023-10-01,BRAND_F649_COUNTRY_1033,1.094264
2023-11-01,BRAND_F649_COUNTRY_1033,1.0915537
2023-12-01,BRAND_F649_COUNTRY_1033,1.0887375
2023-06-01,BRAND_F649_COUNTRY_221C,1.0854673
2023-07-01,BRAND_F649_COUNTRY_221C,0.9137583
2023-08-01,BRAND_F649_COUNTRY_221C,1.2008133
2023-09-01,BRAND_F649_COUNTRY_221C,1.1007748
2023-10-01,BRAND_F649_COUNTRY_221C,1.1315899
2023-11-01,BRAND_F649_COUNTRY_221C,1.1167316
2023-12-01,BRAND_F649_COUNTRY_221C,1.1183596
2023-01-01,BRAND_F649_COUNTRY_2E65,1.114028
2023-02-01,BRAND_F649_COUNTRY_2E65,1.2026167
2023-03-01,BRAND_F649_COUNTRY_2E65,1.1807404
2023-04-01,BRAND_F649_COUNTRY_2E65,1.1888075
2023-05-01,BRAND_F649_COUNTRY_2E65,1.1813278
2023-06-01,BRAND_F649_COUNTRY_2E65,1.174695
2023-07-01,BRAND_F649_COUNTRY_2E65,1.1712084
2023-08-01,BRAND_F649_COUNTRY_2E65,1.168766
2023-09-01,BRAND_F649_COUNTRY_2E65,1.1658802
2023-10-01,BRAND_F649_COUNTRY_2E65,1.1630898
2023-11-01,BRAND_F649_COUNTRY_2E65,1.1606445
2023-12-01,BRAND_F649_COUNTRY_2E65,1.1570768
2023-01-01,BRAND_F649_COUNTRY_4D48,1.1510286
2023-02-01,BRAND_F649_COUNTRY_4D48,0.94605255
2023-03-01,BRAND_F649_COUNTRY_4D48,1.2599344
2023-04-01,BRAND_F649_COUNTRY_4D48,1.1455126
2023-05-01,BRAND_F649_COUNTRY_4D48,1.1823473
2023-06-01,BRAND_F649_COUNTRY_4D48,1.1651602
2023-07-01,BRAND_F649_COUNTRY_4D48,1.1676588
2023-08-01,BRAND_F649_COUNTRY_4D48,1.1629143
2023-09-01,BRAND_F649_COUNTRY_4D48,1.1608467
2023-10-01,BRAND_F649_COUNTRY_4D48,1.1577749
2023-11-01,BRAND_F649_COUNTRY_4D48,1.1551142
2023-12-01,BRAND_F649_COUNTRY_4D48,1.1522608
2023-01-01,BRAND_F649_COUNTRY_5180,1.1419773
2023-02-01,BRAND_F649_COUNTRY_5180,1.108264
2023-03-01,BRAND_F649_COUNTRY_5180,1.2066383
2023-04-01,BRAND_F649_COUNTRY_5180,1.1722717
2023-05-01,BRAND_F649_COUNTRY_5180,1.1799145
2023-06-01,BRAND_F649_COUNTRY_5180,1.1734562
2023-07-01,BRAND_F649_COUNTRY_5180,1.171999
2023-08-01,BRAND_F649_COUNTRY_5180,1.1687231
2023-09-01,BRAND_F649_COUNTRY_5180,1.1661148
2023-10-01,BRAND_F649_COUNTRY_5180,1.1632614
2023-11-01,BRAND_F649_COUNTRY_5180,1.1605005
2023-12-01,BRAND_F649_COUNTRY_5180,1.1577024
2023-01-01,BRAND_F649_COUNTRY_5A54,1.1497469
2023-02-01,BRAND_F649_COUNTRY_5A54,1.0163059
2023-03-01,BRAND_F649_COUNTRY_5A54,1.211628
2023-04-01,BRAND_F649_COUNTRY_5A54,1.1435909
2023-05-01,BRAND_F649_COUNTRY_5A54,1.1632366
2023-06-01,BRAND_F649_COUNTRY_5A54,1.1523905
2023-07-01,BRAND_F649_COUNTRY_5A54,1.152339
2023-08-01,BRAND_F649_COUNTRY_5A54,1.1487303
2023-09-01,BRAND_F649_COUNTRY_5A54,1.1461535
2023-10-01,BRAND_F649_COUNTRY_5A54,1.1434393
2023-11-01,BRAND_F649_COUNTRY_5A54,1.14048
2023-12-01,BRAND_F649_COUNTRY_5A54,1.137845
2023-01-01,BRAND_F649_COUNTRY_89F9,1.1290369
2023-02-01,BRAND_F649_COUNTRY_89F9,1.025878
2023-03-01,BRAND_F649_COUNTRY_89F9,1.2852755
2023-04-01,BRAND_F649_COUNTRY_89F9,1.192256
2023-05-01,BRAND_F649_COUNTRY_89F9,1.2199545
2023-06-01,BRAND_F649_COUNTRY_89F9,1.2071247
2023-07-01,BRAND_F649_COUNTRY_89F9,1.2077122
2023-08-01,BRAND_F649_COUNTRY_89F9,1.2037296
2023-09-01,BRAND_F649_COUNTRY_89F9,1.2013588
2023-10-01,BRAND_F649_COUNTRY_89F9,1.1984253
2023-11-01,BRAND_F649_COUNTRY_89F9,1.1956911
2023-12-01,BRAND_F649_COUNTRY_89F9,1.1928825
2023-01-01,BRAND_F649_COUNTRY_907E,1.1819468
2023-02-01,BRAND_F649_COUNTRY_907E,1.03333
2023-03-01,BRAND_F649_COUNTRY_907E,1.2043133
2023-04-01,BRAND_F649_COUNTRY_907E,1.1431217
2023-05-01,BRAND_F649_COUNTRY_907E,1.1605911
2023-06-01,BRAND_F649_COUNTRY_907E,1.1505013
2023-07-01,BRAND_F649_COUNTRY_907E,1.1504288
2023-08-01,BRAND_F649_COUNTRY_907E,1.1467123
2023-09-01,BRAND_F649_COUNTRY_907E,1.1440926
2023-10-01,BRAND_F649_COUNTRY_907E,1.1413136
2023-11-01,BRAND_F649_COUNTRY_907E,1.1385117
2023-12-01,BRAND_F649_COUNTRY_907E,1.135747
2023-11-01,BRAND_F649_COUNTRY_9488,1.1277618
2023-12-01,BRAND_F649_COUNTRY_9488,0.9728975
2023-01-01,BRAND_F649_COUNTRY_A67D,1.1957769
2023-02-01,BRAND_F649_COUNTRY_A67D,1.2104111
2023-03-01,BRAND_F649_COUNTRY_A67D,1.211154
2023-04-01,BRAND_F649_COUNTRY_A67D,1.2169294
2023-05-01,BRAND_F649_COUNTRY_A67D,1.2093563
2023-06-01,BRAND_F649_COUNTRY_A67D,1.2083235
2023-07-01,BRAND_F649_COUNTRY_A67D,1.2046213
2023-08-01,BRAND_F649_COUNTRY_A67D,1.2024374
2023-09-01,BRAND_F649_COUNTRY_A67D,1.1989241
2023-10-01,BRAND_F649_COUNTRY_A67D,1.1970053
2023-11-01,BRAND_F649_COUNTRY_A67D,1.1960545
2023-12-01,BRAND_F649_COUNTRY_A67D,1.1929617
2023-05-01,BRAND_F649_COUNTRY_C8F4,1.1811523
2023-06-01,BRAND_F649_COUNTRY_C8F4,0.9883442
2023-07-01,BRAND_F649_COUNTRY_C8F4,1.2706261
2023-08-01,BRAND_F649_COUNTRY_C8F4,1.1689577
2023-09-01,BRAND_F649_COUNTRY_C8F4,1.2009897
2023-10-01,BRAND_F649_COUNTRY_C8F4,1.1856136
2023-11-01,BRAND_F649_COUNTRY_C8F4,1.1874456
2023-12-01,BRAND_F649_COUNTRY_C8F4,1.1829739
2023-05-01,BRAND_F649_COUNTRY_D5B9,1.1807957
2023-06-01,BRAND_F649_COUNTRY_D5B9,1.0923672
2023-07-01,BRAND_F649_COUNTRY_D5B9,1.2272406
2023-08-01,BRAND_F649_COUNTRY_D5B9,1.179349
2023-09-01,BRAND_F649_COUNTRY_D5B9,1.1862421
2023-10-01,BRAND_F649_COUNTRY_D5B9,1.1779642
2023-11-01,BRAND_F649_COUNTRY_D5B9,1.1771812
2023-12-01,BRAND_F649_COUNTRY_D5B9,1.1736526
2023-01-01,BRAND_F649_COUNTRY_EA71,1.1711388
2023-02-01,BRAND_F649_COUNTRY_EA71,1.1104832
2023-03-01,BRAND_F649_COUNTRY_EA71,1.1706295
2023-04-01,BRAND_F649_COUNTRY_EA71,1.1472759
2023-05-01,BRAND_F649_COUNTRY_EA71,1.1473799
2023-06-01,BRAND_F649_COUNTRY_EA71,1.1419973
2023-07-01,BRAND_F649_COUNTRY_EA71,1.1401911
2023-08-01,BRAND_F649_COUNTRY_EA71,1.1370296
2023-09-01,BRAND_F649_COUNTRY_EA71,1.1343966
2023-10-01,BRAND_F649_COUNTRY_EA71,1.1315145
2023-11-01,BRAND_F649_COUNTRY_EA71,1.1288118
2023-12-01,BRAND_F649_COUNTRY_EA71,1.126051
2023-01-01,BRAND_F649_COUNTRY_FA79,1.1194735
2023-02-01,BRAND_F649_COUNTRY_FA79,0.92583084
2023-03-01,BRAND_F649_COUNTRY_FA79,1.226491
2023-04-01,BRAND_F649_COUNTRY_FA79,1.1220856
2023-05-01,BRAND_F649_COUNTRY_FA79,1.1543989
2023-06-01,BRAND_F649_COUNTRY_FA79,1.1390028
2023-07-01,BRAND_F649_COUNTRY_FA79,1.1408272
2023-08-01,BRAND_F649_COUNTRY_FA79,1.1363401
2023-09-01,BRAND_F649_COUNTRY_FA79,1.1341829
2023-10-01,BRAND_F649_COUNTRY_FA79,1.1311579
2023-11-01,BRAND_F649_COUNTRY_FA79,1.1284542
2023-12-01,BRAND_F649_COUNTRY_FA79,1.1256361
2023-01-01,BRAND_FB57_COUNTRY_907E,1.1151924
2023-02-01,BRAND_FB57_COUNTRY_907E,1.0022802
2023-03-01,BRAND_FB57_COUNTRY_907E,1.2148237
2023-04-01,BRAND_FB57_COUNTRY_907E,1.1425676
2023-05-01,BRAND_FB57_COUNTRY_907E,1.1632433
2023-06-01,BRAND_FB57_COUNTRY_907E,1.1521053
2023-07-01,BRAND_FB57_COUNTRY_907E,1.1523619
2023-08-01,BRAND_FB57_COUNTRY_907E,1.1484594
2023-09-01,BRAND_FB57_COUNTRY_907E,1.146081
2023-10-01,BRAND_FB57_COUNTRY_907E,1.1431427
2023-11-01,BRAND_FB57_COUNTRY_907E,1.1404114
2023-12-01,BRAND_FB57_COUNTRY_907E,1.1376019
2023-01-01,BRAND_FB69_COUNTRY_4D48,1.1355114
2023-02-01,BRAND_FB69_COUNTRY_4D48,1.0080681
2023-03-01,BRAND_FB69_COUNTRY_4D48,1.2366333
2023-04-01,BRAND_FB69_COUNTRY_4D48,1.1748152
2023-05-01,BRAND_FB69_COUNTRY_4D48,1.1888771
2023-06-01,BRAND_FB69_COUNTRY_4D48,1.1805954
2023-07-01,BRAND_FB69_COUNTRY_4D48,1.1797323
2023-08-01,BRAND_FB69_COUNTRY_4D48,1.1762447
2023-09-01,BRAND_FB69_COUNTRY_4D48,1.1737146
2023-10-01,BRAND_FB69_COUNTRY_4D48,1.1708279
2023-11-01,BRAND_FB69_COUNTRY_4D48,1.1680765
2023-12-01,BRAND_FB69_COUNTRY_4D48,1.1652813
2023-07-01,BRAND_FEAE_COUNTRY_77DA,1.1513901
2023-08-01,BRAND_FEAE_COUNTRY_77DA,1.0149393
2023-09-01,BRAND_FEAE_COUNTRY_77DA,1.1443157
2023-10-01,BRAND_FEAE_COUNTRY_77DA,1.0940647
2023-11-01,BRAND_FEAE_COUNTRY_77DA,1.1083412
2023-12-01,BRAND_FEAE_COUNTRY_77DA,1.0993166
